trial,condition,coherence,time,evidence,action,rt
1,1,0.1,1,1,0,4
1,1,0.1,2,2,0,4
1,1,0.1,3,3,0,4
1,1,0.1,4,4,1,4
2,1,0.9,1,1,0,4
2,1,0.9,2,2,0,4
2,1,0.9,3,3,0,4
2,1,0.9,4,4,1,4
3,1,0.9,1,1,0,8
3,1,0.9,2,0,0,8
3,1,0.9,3,1,0,8
3,1,0.9,4,2,0,8
3,1,0.9,5,1,0,8
3,1,0.9,6,2,0,8
3,1,0.9,7,3,0,8
3,1,0.9,8,4,1,8
4,1,0.1,1,-1,0,8
4,1,0.1,2,-0,0,8
4,1,0.1,3,1,0,8
4,1,0.1,4,2,0,8
4,1,0.1,5,1,0,8
4,1,0.1,6,2,0,8
4,1,0.1,7,3,0,8
4,1,0.1,8,2,1,8
5,1,0.1,1,1,0,4
5,1,0.1,2,2,0,4
5,1,0.1,3,3,0,4
5,1,0.1,4,4,1,4
6,1,0.1,1,1,0,3
6,1,0.1,2,2,0,3
6,1,0.1,3,3,1,3
7,1,0.9,1,1,0,4
7,1,0.9,2,2,0,4
7,1,0.9,3,3,0,4
7,1,0.9,4,4,1,4
8,1,0.9,1,1,0,3
8,1,0.9,2,2,0,3
8,1,0.9,3,3,1,3
9,1,0.1,1,1,0,3
9,1,0.1,2,2,0,3
9,1,0.1,3,3,1,3
10,1,0.9,1,1,0,2
10,1,0.9,2,2,1,2
11,1,0.1,1,1,0,3
11,1,0.1,2,2,0,3
11,1,0.1,3,3,1,3
12,1,0.9,1,-1,0,4
12,1,0.9,2,0,0,4
12,1,0.9,3,1,0,4
12,1,0.9,4,2,1,4
13,1,0.1,1,1,0,2
13,1,0.1,2,2,1,2
14,1,0.9,1,1,0,2
14,1,0.9,2,2,1,2
15,1,0.9,1,1,0,2
15,1,0.9,2,2,1,2
16,1,0.1,1,-1,0,5
16,1,0.1,2,-0,0,5
16,1,0.1,3,1,0,5
16,1,0.1,4,2,0,5
16,1,0.1,5,3,1,5
17,1,0.1,1,1,0,3
17,1,0.1,2,2,0,3
17,1,0.1,3,3,1,3
18,1,0.1,1,1,0,2
18,1,0.1,2,2,1,2
19,1,0.1,1,1,0,8
19,1,0.1,2,-0,0,8
19,1,0.1,3,1,0,8
19,1,0.1,4,-0,0,8
19,1,0.1,5,1,0,8
19,1,0.1,6,2,0,8
19,1,0.1,7,3,0,8
19,1,0.1,8,4,1,8
20,1,0.9,1,1,0,6
20,1,0.9,2,2,0,6
20,1,0.9,3,1,0,6
20,1,0.9,4,2,0,6
20,1,0.9,5,1,0,6
20,1,0.9,6,2,1,6
21,1,0.9,1,-1,0,5
21,1,0.9,2,0,0,5
21,1,0.9,3,1,0,5
21,1,0.9,4,2,0,5
21,1,0.9,5,3,1,5
22,1,0.9,1,-1,0,5
22,1,0.9,2,0,0,5
22,1,0.9,3,1,0,5
22,1,0.9,4,2,0,5
22,1,0.9,5,3,1,5
23,1,0.1,1,1,0,4
23,1,0.1,2,2,0,4
23,1,0.1,3,3,0,4
23,1,0.1,4,4,1,4
24,1,0.1,1,1,0,7
24,1,0.1,2,2,0,7
24,1,0.1,3,1,0,7
24,1,0.1,4,2,0,7
24,1,0.1,5,3,0,7
24,1,0.1,6,4,0,7
24,1,0.1,7,5,1,7
25,1,0.1,1,-1,0,6
25,1,0.1,2,-0,0,6
25,1,0.1,3,1,0,6
25,1,0.1,4,-0,0,6
25,1,0.1,5,1,0,6
25,1,0.1,6,2,1,6
26,1,0.9,1,1,0,4
26,1,0.9,2,2,0,4
26,1,0.9,3,3,0,4
26,1,0.9,4,4,1,4
27,1,0.1,1,1,0,2
27,1,0.1,2,2,1,2
28,1,0.9,1,1,0,3
28,1,0.9,2,2,0,3
28,1,0.9,3,3,1,3
29,1,0.9,1,1,0,6
29,1,0.9,2,2,0,6
29,1,0.9,3,1,0,6
29,1,0.9,4,2,0,6
29,1,0.9,5,3,0,6
29,1,0.9,6,4,1,6
30,1,0.1,1,1,0,3
30,1,0.1,2,2,0,3
30,1,0.1,3,3,1,3
31,1,0.9,1,1,0,3
31,1,0.9,2,2,0,3
31,1,0.9,3,3,1,3
32,1,0.1,1,1,0,2
32,1,0.1,2,2,1,2
33,1,0.9,1,1,0,4
33,1,0.9,2,-0,0,4
33,1,0.9,3,1,0,4
33,1,0.9,4,-0,1,4
34,1,0.9,1,1,0,3
34,1,0.9,2,2,0,3
34,1,0.9,3,3,1,3
35,1,0.9,1,1,0,2
35,1,0.9,2,2,1,2
36,1,0.1,1,1,0,3
36,1,0.1,2,2,0,3
36,1,0.1,3,3,1,3
37,1,0.1,1,1,0,2
37,1,0.1,2,2,1,2
38,1,0.1,1,1,0,3
38,1,0.1,2,2,0,3
38,1,0.1,3,1,1,3
39,1,0.9,1,1,0,3
39,1,0.9,2,2,0,3
39,1,0.9,3,3,1,3
40,1,0.9,1,1,0,3
40,1,0.9,2,2,0,3
40,1,0.9,3,3,1,3
41,1,0.1,1,1,0,4
41,1,0.1,2,2,0,4
41,1,0.1,3,3,0,4
41,1,0.1,4,4,1,4
42,1,0.9,1,1,0,3
42,1,0.9,2,2,0,3
42,1,0.9,3,3,1,3
43,1,0.1,1,1,0,2
43,1,0.1,2,2,1,2
44,1,0.9,1,1,0,6
44,1,0.9,2,2,0,6
44,1,0.9,3,1,0,6
44,1,0.9,4,2,0,6
44,1,0.9,5,3,0,6
44,1,0.9,6,4,1,6
45,1,0.9,1,1,0,3
45,1,0.9,2,2,0,3
45,1,0.9,3,3,1,3
46,1,0.9,1,1,0,3
46,1,0.9,2,2,0,3
46,1,0.9,3,3,1,3
47,1,0.1,1,-1,0,5
47,1,0.1,2,-0,0,5
47,1,0.1,3,1,0,5
47,1,0.1,4,2,0,5
47,1,0.1,5,3,1,5
48,1,0.9,1,1,0,4
48,1,0.9,2,2,0,4
48,1,0.9,3,3,0,4
48,1,0.9,4,4,1,4
49,1,0.9,1,1,0,4
49,1,0.9,2,2,0,4
49,1,0.9,3,3,0,4
49,1,0.9,4,4,1,4
50,1,0.9,1,-1,0,9
50,1,0.9,2,0,0,9
50,1,0.9,3,1,0,9
50,1,0.9,4,2,0,9
50,1,0.9,5,1,0,9
50,1,0.9,6,2,0,9
50,1,0.9,7,3,0,9
50,1,0.9,8,4,0,9
50,1,0.9,9,5,1,9
51,1,0.9,1,-1,0,7
51,1,0.9,2,0,0,7
51,1,0.9,3,-1,0,7
51,1,0.9,4,0,0,7
51,1,0.9,5,1,0,7
51,1,0.9,6,2,0,7
51,1,0.9,7,3,1,7
52,1,0.9,1,1,0,4
52,1,0.9,2,2,0,4
52,1,0.9,3,3,0,4
52,1,0.9,4,4,1,4
53,1,0.1,1,1,0,4
53,1,0.1,2,2,0,4
53,1,0.1,3,3,0,4
53,1,0.1,4,4,1,4
54,1,0.1,1,1,0,5
54,1,0.1,2,2,0,5
54,1,0.1,3,1,0,5
54,1,0.1,4,2,0,5
54,1,0.1,5,3,1,5
55,1,0.9,1,1,0,4
55,1,0.9,2,2,0,4
55,1,0.9,3,3,0,4
55,1,0.9,4,4,1,4
56,1,0.1,1,1,0,3
56,1,0.1,2,2,0,3
56,1,0.1,3,3,1,3
57,1,0.9,1,1,0,4
57,1,0.9,2,2,0,4
57,1,0.9,3,3,0,4
57,1,0.9,4,4,1,4
58,1,0.1,1,1,0,5
58,1,0.1,2,2,0,5
58,1,0.1,3,1,0,5
58,1,0.1,4,2,0,5
58,1,0.1,5,3,1,5
59,1,0.9,1,-1,0,6
59,1,0.9,2,0,0,6
59,1,0.9,3,1,0,6
59,1,0.9,4,2,0,6
59,1,0.9,5,3,0,6
59,1,0.9,6,4,1,6
60,1,0.1,1,1,0,3
60,1,0.1,2,2,0,3
60,1,0.1,3,3,1,3
61,1,0.1,1,1,0,3
61,1,0.1,2,2,0,3
61,1,0.1,3,3,1,3
62,1,0.9,1,1,0,3
62,1,0.9,2,2,0,3
62,1,0.9,3,3,1,3
63,1,0.9,1,-1,0,10
63,1,0.9,2,0,0,10
63,1,0.9,3,-1,0,10
63,1,0.9,4,0,0,10
63,1,0.9,5,1,0,10
63,1,0.9,6,0,0,10
63,1,0.9,7,1,0,10
63,1,0.9,8,2,0,10
63,1,0.9,9,3,0,10
63,1,0.9,10,4,1,10
64,1,0.1,1,-1,0,4
64,1,0.1,2,-0,0,4
64,1,0.1,3,1,0,4
64,1,0.1,4,2,1,4
65,1,0.9,1,1,0,3
65,1,0.9,2,2,0,3
65,1,0.9,3,3,1,3
66,1,0.9,1,1,0,3
66,1,0.9,2,2,0,3
66,1,0.9,3,3,1,3
67,1,0.9,1,-1,0,5
67,1,0.9,2,0,0,5
67,1,0.9,3,1,0,5
67,1,0.9,4,2,0,5
67,1,0.9,5,3,1,5
68,1,0.1,1,1,0,3
68,1,0.1,2,2,0,3
68,1,0.1,3,3,1,3
69,1,0.1,1,1,0,5
69,1,0.1,2,2,0,5
69,1,0.1,3,1,0,5
69,1,0.1,4,2,0,5
69,1,0.1,5,3,1,5
70,1,0.9,1,1,0,2
70,1,0.9,2,2,1,2
71,1,0.1,1,1,0,3
71,1,0.1,2,2,0,3
71,1,0.1,3,3,1,3
72,1,0.9,1,1,0,3
72,1,0.9,2,2,0,3
72,1,0.9,3,3,1,3
73,1,0.9,1,1,0,2
73,1,0.9,2,2,1,2
74,1,0.1,1,1,0,2
74,1,0.1,2,2,1,2
75,1,0.1,1,1,0,4
75,1,0.1,2,-0,0,4
75,1,0.1,3,1,0,4
75,1,0.1,4,2,1,4
76,1,0.9,1,1,0,6
76,1,0.9,2,0,0,6
76,1,0.9,3,1,0,6
76,1,0.9,4,2,0,6
76,1,0.9,5,3,0,6
76,1,0.9,6,4,1,6
77,1,0.1,1,1,0,4
77,1,0.1,2,2,0,4
77,1,0.1,3,3,0,4
77,1,0.1,4,4,1,4
78,1,0.1,1,1,0,4
78,1,0.1,2,2,0,4
78,1,0.1,3,1,0,4
78,1,0.1,4,2,1,4
79,1,0.1,1,1,0,4
79,1,0.1,2,2,0,4
79,1,0.1,3,3,0,4
79,1,0.1,4,4,1,4
80,1,0.9,1,1,0,5
80,1,0.9,2,2,0,5
80,1,0.9,3,3,0,5
80,1,0.9,4,4,0,5
80,1,0.9,5,5,1,5
81,1,0.1,1,1,0,3
81,1,0.1,2,2,0,3
81,1,0.1,3,3,1,3
82,1,0.1,1,1,0,4
82,1,0.1,2,2,0,4
82,1,0.1,3,3,0,4
82,1,0.1,4,4,1,4
83,1,0.9,1,1,0,2
83,1,0.9,2,2,1,2
84,1,0.1,1,1,0,3
84,1,0.1,2,2,0,3
84,1,0.1,3,1,1,3
85,1,0.9,1,1,0,2
85,1,0.9,2,2,1,2
86,1,0.1,1,1,0,2
86,1,0.1,2,2,1,2
87,1,0.1,1,1,0,5
87,1,0.1,2,-0,0,5
87,1,0.1,3,1,0,5
87,1,0.1,4,2,0,5
87,1,0.1,5,3,1,5
88,1,0.9,1,1,1,1
89,1,0.1,1,1,1,1
90,1,0.9,1,1,1,1
91,1,0.1,1,1,1,1
92,1,0.9,1,1,1,1
93,1,0.1,1,1,0,2
93,1,0.1,2,2,1,2
94,1,0.9,1,1,0,2
94,1,0.9,2,2,1,2
95,1,0.9,1,1,0,2
95,1,0.9,2,2,1,2
96,1,0.9,1,1,0,2
96,1,0.9,2,2,1,2
97,1,0.9,1,1,0,2
97,1,0.9,2,2,1,2
98,1,0.1,1,1,0,2
98,1,0.1,2,2,1,2
99,1,0.1,1,1,0,3
99,1,0.1,2,2,0,3
99,1,0.1,3,3,1,3
100,1,0.9,1,1,0,2
100,1,0.9,2,2,1,2
101,1,0.9,1,1,0,4
101,1,0.9,2,2,0,4
101,1,0.9,3,1,0,4
101,1,0.9,4,2,1,4
102,1,0.1,1,1,0,8
102,1,0.1,2,0,0,8
102,1,0.1,3,-1,0,8
102,1,0.1,4,-2,0,8
102,1,0.1,5,-3,0,8
102,1,0.1,6,-4,0,8
102,1,0.1,7,-3,0,8
102,1,0.1,8,-4,1,8
103,1,0.9,1,1,0,3
103,1,0.9,2,2,0,3
103,1,0.9,3,3,1,3
104,1,0.1,1,-1,0,7
104,1,0.1,2,-0,0,7
104,1,0.1,3,1,0,7
104,1,0.1,4,2,0,7
104,1,0.1,5,3,0,7
104,1,0.1,6,4,0,7
104,1,0.1,7,5,1,7
1,2,0.4,1,1,0,42
1,2,0.4,2,2,0,42
1,2,0.4,3,1,0,42
1,2,0.4,4,0,0,42
1,2,0.4,5,-1,0,42
1,2,0.4,6,0,0,42
1,2,0.4,7,1,0,42
1,2,0.4,8,2,0,42
1,2,0.4,9,1,0,42
1,2,0.4,10,2,0,42
1,2,0.4,11,1,0,42
1,2,0.4,12,2,0,42
1,2,0.4,13,1,0,42
1,2,0.4,14,2,0,42
1,2,0.4,15,3,0,42
1,2,0.4,16,2,0,42
1,2,0.4,17,1,0,42
1,2,0.4,18,2,0,42
1,2,0.4,19,1,0,42
1,2,0.4,20,0,0,42
1,2,0.4,21,1,0,42
1,2,0.4,22,2,0,42
1,2,0.4,23,3,0,42
1,2,0.4,24,4,0,42
1,2,0.4,25,3,0,42
1,2,0.4,26,2,0,42
1,2,0.4,27,1,0,42
1,2,0.4,28,2,0,42
1,2,0.4,29,3,0,42
1,2,0.4,30,2,0,42
1,2,0.4,31,1,0,42
1,2,0.4,32,0,0,42
1,2,0.4,33,1,0,42
1,2,0.4,34,2,0,42
1,2,0.4,35,1,0,42
1,2,0.4,36,2,0,42
1,2,0.4,37,3,0,42
1,2,0.4,38,2,0,42
1,2,0.4,39,1,0,42
1,2,0.4,40,2,0,42
1,2,0.4,41,1,0,42
1,2,0.4,42,0,1,42
2,2,0.4,1,-1,0,18
2,2,0.4,2,0,0,18
2,2,0.4,3,-1,0,18
2,2,0.4,4,0,0,18
2,2,0.4,5,-1,0,18
2,2,0.4,6,0,0,18
2,2,0.4,7,1,0,18
2,2,0.4,8,2,0,18
2,2,0.4,9,3,0,18
2,2,0.4,10,2,0,18
2,2,0.4,11,3,0,18
2,2,0.4,12,2,0,18
2,2,0.4,13,3,0,18
2,2,0.4,14,4,0,18
2,2,0.4,15,5,0,18
2,2,0.4,16,4,0,18
2,2,0.4,17,5,0,18
2,2,0.4,18,6,1,18
3,2,0.4,1,-1,0,40
3,2,0.4,2,-0,0,40
3,2,0.4,3,-1,0,40
3,2,0.4,4,-2,0,40
3,2,0.4,5,-1,0,40
3,2,0.4,6,-2,0,40
3,2,0.4,7,-3,0,40
3,2,0.4,8,-4,0,40
3,2,0.4,9,-5,0,40
3,2,0.4,10,-6,0,40
3,2,0.4,11,-5,0,40
3,2,0.4,12,-4,0,40
3,2,0.4,13,-5,0,40
3,2,0.4,14,-6,0,40
3,2,0.4,15,-5,0,40
3,2,0.4,16,-6,0,40
3,2,0.4,17,-5,0,40
3,2,0.4,18,-6,0,40
3,2,0.4,19,-5,0,40
3,2,0.4,20,-4,0,40
3,2,0.4,21,-3,0,40
3,2,0.4,22,-2,0,40
3,2,0.4,23,-3,0,40
3,2,0.4,24,-2,0,40
3,2,0.4,25,-3,0,40
3,2,0.4,26,-2,0,40
3,2,0.4,27,-3,0,40
3,2,0.4,28,-4,0,40
3,2,0.4,29,-3,0,40
3,2,0.4,30,-2,0,40
3,2,0.4,31,-3,0,40
3,2,0.4,32,-2,0,40
3,2,0.4,33,-1,0,40
3,2,0.4,34,-0,0,40
3,2,0.4,35,-1,0,40
3,2,0.4,36,-0,0,40
3,2,0.4,37,1,0,40
3,2,0.4,38,2,0,40
3,2,0.4,39,1,0,40
3,2,0.4,40,2,1,40
4,2,0.6,1,1,0,21
4,2,0.6,2,2,0,21
4,2,0.6,3,1,0,21
4,2,0.6,4,2,0,21
4,2,0.6,5,1,0,21
4,2,0.6,6,2,0,21
4,2,0.6,7,3,0,21
4,2,0.6,8,4,0,21
4,2,0.6,9,3,0,21
4,2,0.6,10,4,0,21
4,2,0.6,11,5,0,21
4,2,0.6,12,6,0,21
4,2,0.6,13,5,0,21
4,2,0.6,14,6,0,21
4,2,0.6,15,5,0,21
4,2,0.6,16,6,0,21
4,2,0.6,17,7,0,21
4,2,0.6,18,6,0,21
4,2,0.6,19,5,0,21
4,2,0.6,20,6,0,21
4,2,0.6,21,7,1,21
5,2,0.6,1,1,0,4
5,2,0.6,2,2,0,4
5,2,0.6,3,3,0,4
5,2,0.6,4,4,1,4
6,2,0.4,1,1,0,9
6,2,0.4,2,2,0,9
6,2,0.4,3,3,0,9
6,2,0.4,4,2,0,9
6,2,0.4,5,3,0,9
6,2,0.4,6,2,0,9
6,2,0.4,7,1,0,9
6,2,0.4,8,2,0,9
6,2,0.4,9,1,1,9
7,2,0.6,1,1,0,7
7,2,0.6,2,0,0,7
7,2,0.6,3,1,0,7
7,2,0.6,4,2,0,7
7,2,0.6,5,3,0,7
7,2,0.6,6,4,0,7
7,2,0.6,7,5,1,7
8,2,0.6,1,1,0,12
8,2,0.6,2,0,0,12
8,2,0.6,3,1,0,12
8,2,0.6,4,2,0,12
8,2,0.6,5,3,0,12
8,2,0.6,6,4,0,12
8,2,0.6,7,5,0,12
8,2,0.6,8,6,0,12
8,2,0.6,9,5,0,12
8,2,0.6,10,6,0,12
8,2,0.6,11,7,0,12
8,2,0.6,12,6,1,12
9,2,0.4,1,-1,0,26
9,2,0.4,2,-0,0,26
9,2,0.4,3,-1,0,26
9,2,0.4,4,-0,0,26
9,2,0.4,5,-1,0,26
9,2,0.4,6,-0,0,26
9,2,0.4,7,1,0,26
9,2,0.4,8,-0,0,26
9,2,0.4,9,1,0,26
9,2,0.4,10,2,0,26
9,2,0.4,11,1,0,26
9,2,0.4,12,-0,0,26
9,2,0.4,13,-1,0,26
9,2,0.4,14,-0,0,26
9,2,0.4,15,-1,0,26
9,2,0.4,16,-0,0,26
9,2,0.4,17,-1,0,26
9,2,0.4,18,-0,0,26
9,2,0.4,19,1,0,26
9,2,0.4,20,-0,0,26
9,2,0.4,21,1,0,26
9,2,0.4,22,2,0,26
9,2,0.4,23,3,0,26
9,2,0.4,24,4,0,26
9,2,0.4,25,5,0,26
9,2,0.4,26,6,1,26
10,2,0.4,1,1,0,25
10,2,0.4,2,-0,0,25
10,2,0.4,3,-1,0,25
10,2,0.4,4,-2,0,25
10,2,0.4,5,-1,0,25
10,2,0.4,6,-0,0,25
10,2,0.4,7,-1,0,25
10,2,0.4,8,-0,0,25
10,2,0.4,9,1,0,25
10,2,0.4,10,2,0,25
10,2,0.4,11,3,0,25
10,2,0.4,12,4,0,25
10,2,0.4,13,5,0,25
10,2,0.4,14,6,0,25
10,2,0.4,15,5,0,25
10,2,0.4,16,6,0,25
10,2,0.4,17,5,0,25
10,2,0.4,18,6,0,25
10,2,0.4,19,7,0,25
10,2,0.4,20,6,0,25
10,2,0.4,21,5,0,25
10,2,0.4,22,4,0,25
10,2,0.4,23,5,0,25
10,2,0.4,24,4,0,25
10,2,0.4,25,5,1,25
11,2,0.4,1,1,0,22
11,2,0.4,2,-0,0,22
11,2,0.4,3,-1,0,22
11,2,0.4,4,-2,0,22
11,2,0.4,5,-1,0,22
11,2,0.4,6,-0,0,22
11,2,0.4,7,1,0,22
11,2,0.4,8,2,0,22
11,2,0.4,9,1,0,22
11,2,0.4,10,2,0,22
11,2,0.4,11,3,0,22
11,2,0.4,12,2,0,22
11,2,0.4,13,3,0,22
11,2,0.4,14,2,0,22
11,2,0.4,15,3,0,22
11,2,0.4,16,4,0,22
11,2,0.4,17,5,0,22
11,2,0.4,18,6,0,22
11,2,0.4,19,7,0,22
11,2,0.4,20,6,0,22
11,2,0.4,21,7,0,22
11,2,0.4,22,8,1,22
12,2,0.6,1,1,0,55
12,2,0.6,2,2,0,55
12,2,0.6,3,3,0,55
12,2,0.6,4,2,0,55
12,2,0.6,5,3,0,55
12,2,0.6,6,4,0,55
12,2,0.6,7,3,0,55
12,2,0.6,8,4,0,55
12,2,0.6,9,3,0,55
12,2,0.6,10,2,0,55
12,2,0.6,11,1,0,55
12,2,0.6,12,2,0,55
12,2,0.6,13,1,0,55
12,2,0.6,14,2,0,55
12,2,0.6,15,1,0,55
12,2,0.6,16,0,0,55
12,2,0.6,17,1,0,55
12,2,0.6,18,0,0,55
12,2,0.6,19,-1,0,55
12,2,0.6,20,0,0,55
12,2,0.6,21,1,0,55
12,2,0.6,22,2,0,55
12,2,0.6,23,1,0,55
12,2,0.6,24,0,0,55
12,2,0.6,25,-1,0,55
12,2,0.6,26,-2,0,55
12,2,0.6,27,-1,0,55
12,2,0.6,28,0,0,55
12,2,0.6,29,-1,0,55
12,2,0.6,30,-2,0,55
12,2,0.6,31,-3,0,55
12,2,0.6,32,-4,0,55
12,2,0.6,33,-3,0,55
12,2,0.6,34,-2,0,55
12,2,0.6,35,-1,0,55
12,2,0.6,36,0,0,55
12,2,0.6,37,1,0,55
12,2,0.6,38,2,0,55
12,2,0.6,39,1,0,55
12,2,0.6,40,0,0,55
12,2,0.6,41,1,0,55
12,2,0.6,42,2,0,55
12,2,0.6,43,1,0,55
12,2,0.6,44,2,0,55
12,2,0.6,45,1,0,55
12,2,0.6,46,0,0,55
12,2,0.6,47,1,0,55
12,2,0.6,48,2,0,55
12,2,0.6,49,3,0,55
12,2,0.6,50,4,0,55
12,2,0.6,51,5,0,55
12,2,0.6,52,6,0,55
12,2,0.6,53,5,0,55
12,2,0.6,54,4,0,55
12,2,0.6,55,3,1,55
13,2,0.6,1,1,0,10
13,2,0.6,2,2,0,10
13,2,0.6,3,1,0,10
13,2,0.6,4,2,0,10
13,2,0.6,5,3,0,10
13,2,0.6,6,4,0,10
13,2,0.6,7,5,0,10
13,2,0.6,8,4,0,10
13,2,0.6,9,5,0,10
13,2,0.6,10,6,1,10
14,2,0.6,1,1,0,15
14,2,0.6,2,0,0,15
14,2,0.6,3,-1,0,15
14,2,0.6,4,0,0,15
14,2,0.6,5,1,0,15
14,2,0.6,6,2,0,15
14,2,0.6,7,1,0,15
14,2,0.6,8,0,0,15
14,2,0.6,9,1,0,15
14,2,0.6,10,0,0,15
14,2,0.6,11,1,0,15
14,2,0.6,12,2,0,15
14,2,0.6,13,3,0,15
14,2,0.6,14,4,0,15
14,2,0.6,15,5,1,15
15,2,0.4,1,1,0,33
15,2,0.4,2,2,0,33
15,2,0.4,3,3,0,33
15,2,0.4,4,4,0,33
15,2,0.4,5,3,0,33
15,2,0.4,6,2,0,33
15,2,0.4,7,1,0,33
15,2,0.4,8,2,0,33
15,2,0.4,9,3,0,33
15,2,0.4,10,4,0,33
15,2,0.4,11,5,0,33
15,2,0.4,12,6,0,33
15,2,0.4,13,5,0,33
15,2,0.4,14,6,0,33
15,2,0.4,15,5,0,33
15,2,0.4,16,6,0,33
15,2,0.4,17,5,0,33
15,2,0.4,18,4,0,33
15,2,0.4,19,3,0,33
15,2,0.4,20,4,0,33
15,2,0.4,21,3,0,33
15,2,0.4,22,4,0,33
15,2,0.4,23,3,0,33
15,2,0.4,24,4,0,33
15,2,0.4,25,5,0,33
15,2,0.4,26,6,0,33
15,2,0.4,27,5,0,33
15,2,0.4,28,4,0,33
15,2,0.4,29,3,0,33
15,2,0.4,30,2,0,33
15,2,0.4,31,1,0,33
15,2,0.4,32,2,0,33
15,2,0.4,33,1,1,33
16,2,0.4,1,-1,0,14
16,2,0.4,2,0,0,14
16,2,0.4,3,1,0,14
16,2,0.4,4,2,0,14
16,2,0.4,5,3,0,14
16,2,0.4,6,2,0,14
16,2,0.4,7,1,0,14
16,2,0.4,8,2,0,14
16,2,0.4,9,3,0,14
16,2,0.4,10,4,0,14
16,2,0.4,11,3,0,14
16,2,0.4,12,4,0,14
16,2,0.4,13,5,0,14
16,2,0.4,14,4,1,14
17,2,0.4,1,1,0,15
17,2,0.4,2,0,0,15
17,2,0.4,3,1,0,15
17,2,0.4,4,0,0,15
17,2,0.4,5,1,0,15
17,2,0.4,6,0,0,15
17,2,0.4,7,-1,0,15
17,2,0.4,8,-2,0,15
17,2,0.4,9,-1,0,15
17,2,0.4,10,0,0,15
17,2,0.4,11,-1,0,15
17,2,0.4,12,-2,0,15
17,2,0.4,13,-1,0,15
17,2,0.4,14,0,0,15
17,2,0.4,15,-1,1,15
18,2,0.6,1,1,0,54
18,2,0.6,2,0,0,54
18,2,0.6,3,1,0,54
18,2,0.6,4,0,0,54
18,2,0.6,5,-1,0,54
18,2,0.6,6,0,0,54
18,2,0.6,7,-1,0,54
18,2,0.6,8,0,0,54
18,2,0.6,9,1,0,54
18,2,0.6,10,2,0,54
18,2,0.6,11,1,0,54
18,2,0.6,12,2,0,54
18,2,0.6,13,3,0,54
18,2,0.6,14,2,0,54
18,2,0.6,15,1,0,54
18,2,0.6,16,0,0,54
18,2,0.6,17,1,0,54
18,2,0.6,18,0,0,54
18,2,0.6,19,-1,0,54
18,2,0.6,20,-2,0,54
18,2,0.6,21,-1,0,54
18,2,0.6,22,0,0,54
18,2,0.6,23,1,0,54
18,2,0.6,24,0,0,54
18,2,0.6,25,-1,0,54
18,2,0.6,26,-2,0,54
18,2,0.6,27,-1,0,54
18,2,0.6,28,-2,0,54
18,2,0.6,29,-1,0,54
18,2,0.6,30,-2,0,54
18,2,0.6,31,-3,0,54
18,2,0.6,32,-2,0,54
18,2,0.6,33,-1,0,54
18,2,0.6,34,-2,0,54
18,2,0.6,35,-1,0,54
18,2,0.6,36,0,0,54
18,2,0.6,37,-1,0,54
18,2,0.6,38,0,0,54
18,2,0.6,39,-1,0,54
18,2,0.6,40,-2,0,54
18,2,0.6,41,-1,0,54
18,2,0.6,42,0,0,54
18,2,0.6,43,1,0,54
18,2,0.6,44,0,0,54
18,2,0.6,45,-1,0,54
18,2,0.6,46,0,0,54
18,2,0.6,47,1,0,54
18,2,0.6,48,0,0,54
18,2,0.6,49,-1,0,54
18,2,0.6,50,0,0,54
18,2,0.6,51,-1,0,54
18,2,0.6,52,-2,0,54
18,2,0.6,53,-1,0,54
18,2,0.6,54,-2,1,54
19,2,0.4,1,1,0,14
19,2,0.4,2,-0,0,14
19,2,0.4,3,1,0,14
19,2,0.4,4,2,0,14
19,2,0.4,5,1,0,14
19,2,0.4,6,2,0,14
19,2,0.4,7,1,0,14
19,2,0.4,8,-0,0,14
19,2,0.4,9,1,0,14
19,2,0.4,10,2,0,14
19,2,0.4,11,3,0,14
19,2,0.4,12,4,0,14
19,2,0.4,13,5,0,14
19,2,0.4,14,6,1,14
20,2,0.4,1,1,0,11
20,2,0.4,2,2,0,11
20,2,0.4,3,3,0,11
20,2,0.4,4,2,0,11
20,2,0.4,5,1,0,11
20,2,0.4,6,2,0,11
20,2,0.4,7,1,0,11
20,2,0.4,8,2,0,11
20,2,0.4,9,3,0,11
20,2,0.4,10,4,0,11
20,2,0.4,11,5,1,11
21,2,0.4,1,-1,0,13
21,2,0.4,2,-0,0,13
21,2,0.4,3,1,0,13
21,2,0.4,4,2,0,13
21,2,0.4,5,3,0,13
21,2,0.4,6,4,0,13
21,2,0.4,7,5,0,13
21,2,0.4,8,6,0,13
21,2,0.4,9,5,0,13
21,2,0.4,10,6,0,13
21,2,0.4,11,7,0,13
21,2,0.4,12,8,0,13
21,2,0.4,13,7,1,13
22,2,0.6,1,-1,0,24
22,2,0.6,2,-2,0,24
22,2,0.6,3,-3,0,24
22,2,0.6,4,-4,0,24
22,2,0.6,5,-3,0,24
22,2,0.6,6,-2,0,24
22,2,0.6,7,-1,0,24
22,2,0.6,8,-2,0,24
22,2,0.6,9,-1,0,24
22,2,0.6,10,-2,0,24
22,2,0.6,11,-1,0,24
22,2,0.6,12,0,0,24
22,2,0.6,13,1,0,24
22,2,0.6,14,2,0,24
22,2,0.6,15,3,0,24
22,2,0.6,16,4,0,24
22,2,0.6,17,3,0,24
22,2,0.6,18,4,0,24
22,2,0.6,19,5,0,24
22,2,0.6,20,6,0,24
22,2,0.6,21,5,0,24
22,2,0.6,22,6,0,24
22,2,0.6,23,7,0,24
22,2,0.6,24,8,1,24
23,2,0.6,1,1,0,16
23,2,0.6,2,0,0,16
23,2,0.6,3,1,0,16
23,2,0.6,4,0,0,16
23,2,0.6,5,1,0,16
23,2,0.6,6,2,0,16
23,2,0.6,7,3,0,16
23,2,0.6,8,2,0,16
23,2,0.6,9,1,0,16
23,2,0.6,10,2,0,16
23,2,0.6,11,3,0,16
23,2,0.6,12,4,0,16
23,2,0.6,13,5,0,16
23,2,0.6,14,6,0,16
23,2,0.6,15,7,0,16
23,2,0.6,16,8,1,16
24,2,0.6,1,-1,0,22
24,2,0.6,2,0,0,22
24,2,0.6,3,1,0,22
24,2,0.6,4,2,0,22
24,2,0.6,5,1,0,22
24,2,0.6,6,0,0,22
24,2,0.6,7,-1,0,22
24,2,0.6,8,-2,0,22
24,2,0.6,9,-1,0,22
24,2,0.6,10,0,0,22
24,2,0.6,11,1,0,22
24,2,0.6,12,0,0,22
24,2,0.6,13,1,0,22
24,2,0.6,14,2,0,22
24,2,0.6,15,3,0,22
24,2,0.6,16,2,0,22
24,2,0.6,17,3,0,22
24,2,0.6,18,4,0,22
24,2,0.6,19,3,0,22
24,2,0.6,20,4,0,22
24,2,0.6,21,5,0,22
24,2,0.6,22,6,1,22
25,2,0.4,1,1,0,16
25,2,0.4,2,2,0,16
25,2,0.4,3,3,0,16
25,2,0.4,4,2,0,16
25,2,0.4,5,3,0,16
25,2,0.4,6,2,0,16
25,2,0.4,7,1,0,16
25,2,0.4,8,2,0,16
25,2,0.4,9,3,0,16
25,2,0.4,10,4,0,16
25,2,0.4,11,3,0,16
25,2,0.4,12,4,0,16
25,2,0.4,13,5,0,16
25,2,0.4,14,4,0,16
25,2,0.4,15,5,0,16
25,2,0.4,16,6,1,16
26,2,0.4,1,-1,0,32
26,2,0.4,2,-2,0,32
26,2,0.4,3,-1,0,32
26,2,0.4,4,-2,0,32
26,2,0.4,5,-1,0,32
26,2,0.4,6,-2,0,32
26,2,0.4,7,-3,0,32
26,2,0.4,8,-4,0,32
26,2,0.4,9,-3,0,32
26,2,0.4,10,-2,0,32
26,2,0.4,11,-1,0,32
26,2,0.4,12,-0,0,32
26,2,0.4,13,-1,0,32
26,2,0.4,14,-2,0,32
26,2,0.4,15,-3,0,32
26,2,0.4,16,-2,0,32
26,2,0.4,17,-1,0,32
26,2,0.4,18,-2,0,32
26,2,0.4,19,-3,0,32
26,2,0.4,20,-2,0,32
26,2,0.4,21,-3,0,32
26,2,0.4,22,-2,0,32
26,2,0.4,23,-1,0,32
26,2,0.4,24,-2,0,32
26,2,0.4,25,-1,0,32
26,2,0.4,26,-2,0,32
26,2,0.4,27,-1,0,32
26,2,0.4,28,-0,0,32
26,2,0.4,29,-1,0,32
26,2,0.4,30,-0,0,32
26,2,0.4,31,1,0,32
26,2,0.4,32,2,1,32
27,2,0.4,1,-1,0,23
27,2,0.4,2,-0,0,23
27,2,0.4,3,1,0,23
27,2,0.4,4,2,0,23
27,2,0.4,5,3,0,23
27,2,0.4,6,4,0,23
27,2,0.4,7,5,0,23
27,2,0.4,8,6,0,23
27,2,0.4,9,7,0,23
27,2,0.4,10,6,0,23
27,2,0.4,11,5,0,23
27,2,0.4,12,6,0,23
27,2,0.4,13,5,0,23
27,2,0.4,14,4,0,23
27,2,0.4,15,5,0,23
27,2,0.4,16,6,0,23
27,2,0.4,17,7,0,23
27,2,0.4,18,8,0,23
27,2,0.4,19,7,0,23
27,2,0.4,20,8,0,23
27,2,0.4,21,7,0,23
27,2,0.4,22,8,0,23
27,2,0.4,23,9,1,23
28,2,0.4,1,-1,0,35
28,2,0.4,2,-0,0,35
28,2,0.4,3,-1,0,35
28,2,0.4,4,-2,0,35
28,2,0.4,5,-3,0,35
28,2,0.4,6,-2,0,35
28,2,0.4,7,-1,0,35
28,2,0.4,8,-0,0,35
28,2,0.4,9,1,0,35
28,2,0.4,10,-0,0,35
28,2,0.4,11,-1,0,35
28,2,0.4,12,-0,0,35
28,2,0.4,13,1,0,35
28,2,0.4,14,2,0,35
28,2,0.4,15,3,0,35
28,2,0.4,16,4,0,35
28,2,0.4,17,5,0,35
28,2,0.4,18,4,0,35
28,2,0.4,19,5,0,35
28,2,0.4,20,4,0,35
28,2,0.4,21,5,0,35
28,2,0.4,22,6,0,35
28,2,0.4,23,5,0,35
28,2,0.4,24,6,0,35
28,2,0.4,25,5,0,35
28,2,0.4,26,4,0,35
28,2,0.4,27,5,0,35
28,2,0.4,28,6,0,35
28,2,0.4,29,7,0,35
28,2,0.4,30,6,0,35
28,2,0.4,31,5,0,35
28,2,0.4,32,6,0,35
28,2,0.4,33,7,0,35
28,2,0.4,34,8,0,35
28,2,0.4,35,9,1,35
29,2,0.6,1,-1,0,16
29,2,0.6,2,0,0,16
29,2,0.6,3,1,0,16
29,2,0.6,4,2,0,16
29,2,0.6,5,3,0,16
29,2,0.6,6,4,0,16
29,2,0.6,7,5,0,16
29,2,0.6,8,4,0,16
29,2,0.6,9,3,0,16
29,2,0.6,10,4,0,16
29,2,0.6,11,5,0,16
29,2,0.6,12,6,0,16
29,2,0.6,13,7,0,16
29,2,0.6,14,8,0,16
29,2,0.6,15,9,0,16
29,2,0.6,16,8,1,16
30,2,0.4,1,1,0,16
30,2,0.4,2,2,0,16
30,2,0.4,3,3,0,16
30,2,0.4,4,4,0,16
30,2,0.4,5,3,0,16
30,2,0.4,6,4,0,16
30,2,0.4,7,3,0,16
30,2,0.4,8,2,0,16
30,2,0.4,9,3,0,16
30,2,0.4,10,4,0,16
30,2,0.4,11,5,0,16
30,2,0.4,12,6,0,16
30,2,0.4,13,7,0,16
30,2,0.4,14,6,0,16
30,2,0.4,15,7,0,16
30,2,0.4,16,8,1,16
31,2,0.4,1,1,0,15
31,2,0.4,2,-0,0,15
31,2,0.4,3,-1,0,15
31,2,0.4,4,-0,0,15
31,2,0.4,5,-1,0,15
31,2,0.4,6,-0,0,15
31,2,0.4,7,1,0,15
31,2,0.4,8,2,0,15
31,2,0.4,9,3,0,15
31,2,0.4,10,4,0,15
31,2,0.4,11,5,0,15
31,2,0.4,12,6,0,15
31,2,0.4,13,7,0,15
31,2,0.4,14,6,0,15
31,2,0.4,15,7,1,15
32,2,0.6,1,-1,0,13
32,2,0.6,2,0,0,13
32,2,0.6,3,1,0,13
32,2,0.6,4,2,0,13
32,2,0.6,5,3,0,13
32,2,0.6,6,4,0,13
32,2,0.6,7,5,0,13
32,2,0.6,8,4,0,13
32,2,0.6,9,5,0,13
32,2,0.6,10,4,0,13
32,2,0.6,11,5,0,13
32,2,0.6,12,6,0,13
32,2,0.6,13,7,1,13
33,2,0.4,1,1,0,10
33,2,0.4,2,2,0,10
33,2,0.4,3,1,0,10
33,2,0.4,4,2,0,10
33,2,0.4,5,3,0,10
33,2,0.4,6,2,0,10
33,2,0.4,7,3,0,10
33,2,0.4,8,4,0,10
33,2,0.4,9,5,0,10
33,2,0.4,10,6,1,10
34,2,0.4,1,1,0,10
34,2,0.4,2,2,0,10
34,2,0.4,3,3,0,10
34,2,0.4,4,2,0,10
34,2,0.4,5,3,0,10
34,2,0.4,6,2,0,10
34,2,0.4,7,3,0,10
34,2,0.4,8,4,0,10
34,2,0.4,9,5,0,10
34,2,0.4,10,6,1,10
35,2,0.4,1,-1,0,18
35,2,0.4,2,-2,0,18
35,2,0.4,3,-1,0,18
35,2,0.4,4,-0,0,18
35,2,0.4,5,1,0,18
35,2,0.4,6,2,0,18
35,2,0.4,7,1,0,18
35,2,0.4,8,2,0,18
35,2,0.4,9,3,0,18
35,2,0.4,10,4,0,18
35,2,0.4,11,3,0,18
35,2,0.4,12,2,0,18
35,2,0.4,13,1,0,18
35,2,0.4,14,2,0,18
35,2,0.4,15,3,0,18
35,2,0.4,16,4,0,18
35,2,0.4,17,5,0,18
35,2,0.4,18,6,1,18
36,2,0.6,1,-1,0,20
36,2,0.6,2,-0,0,20
36,2,0.6,3,-1,0,20
36,2,0.6,4,-0,0,20
36,2,0.6,5,1,0,20
36,2,0.6,6,2,0,20
36,2,0.6,7,1,0,20
36,2,0.6,8,2,0,20
36,2,0.6,9,1,0,20
36,2,0.6,10,-0,0,20
36,2,0.6,11,1,0,20
36,2,0.6,12,2,0,20
36,2,0.6,13,3,0,20
36,2,0.6,14,2,0,20
36,2,0.6,15,1,0,20
36,2,0.6,16,-0,0,20
36,2,0.6,17,1,0,20
36,2,0.6,18,2,0,20
36,2,0.6,19,3,0,20
36,2,0.6,20,4,1,20
37,2,0.6,1,1,0,13
37,2,0.6,2,2,0,13
37,2,0.6,3,1,0,13
37,2,0.6,4,2,0,13
37,2,0.6,5,3,0,13
37,2,0.6,6,2,0,13
37,2,0.6,7,3,0,13
37,2,0.6,8,4,0,13
37,2,0.6,9,5,0,13
37,2,0.6,10,6,0,13
37,2,0.6,11,5,0,13
37,2,0.6,12,6,0,13
37,2,0.6,13,7,1,13
38,2,0.6,1,-1,0,25
38,2,0.6,2,-2,0,25
38,2,0.6,3,-3,0,25
38,2,0.6,4,-4,0,25
38,2,0.6,5,-3,0,25
38,2,0.6,6,-2,0,25
38,2,0.6,7,-3,0,25
38,2,0.6,8,-2,0,25
38,2,0.6,9,-1,0,25
38,2,0.6,10,-2,0,25
38,2,0.6,11,-1,0,25
38,2,0.6,12,-2,0,25
38,2,0.6,13,-1,0,25
38,2,0.6,14,0,0,25
38,2,0.6,15,1,0,25
38,2,0.6,16,2,0,25
38,2,0.6,17,1,0,25
38,2,0.6,18,2,0,25
38,2,0.6,19,1,0,25
38,2,0.6,20,2,0,25
38,2,0.6,21,1,0,25
38,2,0.6,22,2,0,25
38,2,0.6,23,3,0,25
38,2,0.6,24,4,0,25
38,2,0.6,25,5,1,25
39,2,0.6,1,1,0,10
39,2,0.6,2,2,0,10
39,2,0.6,3,3,0,10
39,2,0.6,4,4,0,10
39,2,0.6,5,5,0,10
39,2,0.6,6,6,0,10
39,2,0.6,7,7,0,10
39,2,0.6,8,8,0,10
39,2,0.6,9,9,0,10
39,2,0.6,10,10,1,10
40,2,0.6,1,-1,0,19
40,2,0.6,2,-2,0,19
40,2,0.6,3,-1,0,19
40,2,0.6,4,0,0,19
40,2,0.6,5,1,0,19
40,2,0.6,6,2,0,19
40,2,0.6,7,1,0,19
40,2,0.6,8,2,0,19
40,2,0.6,9,1,0,19
40,2,0.6,10,2,0,19
40,2,0.6,11,3,0,19
40,2,0.6,12,2,0,19
40,2,0.6,13,3,0,19
40,2,0.6,14,4,0,19
40,2,0.6,15,3,0,19
40,2,0.6,16,4,0,19
40,2,0.6,17,5,0,19
40,2,0.6,18,6,0,19
40,2,0.6,19,7,1,19
41,2,0.6,1,1,0,5
41,2,0.6,2,2,0,5
41,2,0.6,3,3,0,5
41,2,0.6,4,4,0,5
41,2,0.6,5,5,1,5
42,2,0.6,1,1,0,10
42,2,0.6,2,2,0,10
42,2,0.6,3,1,0,10
42,2,0.6,4,2,0,10
42,2,0.6,5,3,0,10
42,2,0.6,6,4,0,10
42,2,0.6,7,5,0,10
42,2,0.6,8,6,0,10
42,2,0.6,9,7,0,10
42,2,0.6,10,8,1,10
43,2,0.6,1,-1,0,18
43,2,0.6,2,0,0,18
43,2,0.6,3,1,0,18
43,2,0.6,4,2,0,18
43,2,0.6,5,3,0,18
43,2,0.6,6,2,0,18
43,2,0.6,7,3,0,18
43,2,0.6,8,4,0,18
43,2,0.6,9,5,0,18
43,2,0.6,10,4,0,18
43,2,0.6,11,5,0,18
43,2,0.6,12,6,0,18
43,2,0.6,13,5,0,18
43,2,0.6,14,6,0,18
43,2,0.6,15,7,0,18
43,2,0.6,16,8,0,18
43,2,0.6,17,7,0,18
43,2,0.6,18,8,1,18
44,2,0.6,1,1,0,12
44,2,0.6,2,2,0,12
44,2,0.6,3,3,0,12
44,2,0.6,4,4,0,12
44,2,0.6,5,5,0,12
44,2,0.6,6,6,0,12
44,2,0.6,7,7,0,12
44,2,0.6,8,6,0,12
44,2,0.6,9,7,0,12
44,2,0.6,10,8,0,12
44,2,0.6,11,7,0,12
44,2,0.6,12,6,1,12
45,2,0.6,1,1,0,23
45,2,0.6,2,2,0,23
45,2,0.6,3,1,0,23
45,2,0.6,4,2,0,23
45,2,0.6,5,3,0,23
45,2,0.6,6,4,0,23
45,2,0.6,7,3,0,23
45,2,0.6,8,2,0,23
45,2,0.6,9,3,0,23
45,2,0.6,10,2,0,23
45,2,0.6,11,1,0,23
45,2,0.6,12,-0,0,23
45,2,0.6,13,-1,0,23
45,2,0.6,14,-0,0,23
45,2,0.6,15,1,0,23
45,2,0.6,16,-0,0,23
45,2,0.6,17,1,0,23
45,2,0.6,18,2,0,23
45,2,0.6,19,1,0,23
45,2,0.6,20,-0,0,23
45,2,0.6,21,1,0,23
45,2,0.6,22,2,0,23
45,2,0.6,23,3,1,23
46,2,0.4,1,1,0,11
46,2,0.4,2,2,0,11
46,2,0.4,3,3,0,11
46,2,0.4,4,4,0,11
46,2,0.4,5,5,0,11
46,2,0.4,6,4,0,11
46,2,0.4,7,5,0,11
46,2,0.4,8,6,0,11
46,2,0.4,9,7,0,11
46,2,0.4,10,8,0,11
46,2,0.4,11,7,1,11
47,2,0.4,1,1,0,7
47,2,0.4,2,2,0,7
47,2,0.4,3,3,0,7
47,2,0.4,4,4,0,7
47,2,0.4,5,5,0,7
47,2,0.4,6,6,0,7
47,2,0.4,7,7,1,7
48,2,0.6,1,1,0,39
48,2,0.6,2,0,0,39
48,2,0.6,3,1,0,39
48,2,0.6,4,2,0,39
48,2,0.6,5,3,0,39
48,2,0.6,6,4,0,39
48,2,0.6,7,5,0,39
48,2,0.6,8,6,0,39
48,2,0.6,9,5,0,39
48,2,0.6,10,6,0,39
48,2,0.6,11,5,0,39
48,2,0.6,12,6,0,39
48,2,0.6,13,5,0,39
48,2,0.6,14,4,0,39
48,2,0.6,15,3,0,39
48,2,0.6,16,4,0,39
48,2,0.6,17,3,0,39
48,2,0.6,18,2,0,39
48,2,0.6,19,3,0,39
48,2,0.6,20,2,0,39
48,2,0.6,21,3,0,39
48,2,0.6,22,4,0,39
48,2,0.6,23,3,0,39
48,2,0.6,24,4,0,39
48,2,0.6,25,5,0,39
48,2,0.6,26,6,0,39
48,2,0.6,27,5,0,39
48,2,0.6,28,6,0,39
48,2,0.6,29,5,0,39
48,2,0.6,30,6,0,39
48,2,0.6,31,5,0,39
48,2,0.6,32,6,0,39
48,2,0.6,33,5,0,39
48,2,0.6,34,6,0,39
48,2,0.6,35,7,0,39
48,2,0.6,36,8,0,39
48,2,0.6,37,9,0,39
48,2,0.6,38,10,0,39
48,2,0.6,39,11,1,39
49,2,0.4,1,-1,0,18
49,2,0.4,2,-2,0,18
49,2,0.4,3,-1,0,18
49,2,0.4,4,-0,0,18
49,2,0.4,5,-1,0,18
49,2,0.4,6,-0,0,18
49,2,0.4,7,1,0,18
49,2,0.4,8,-0,0,18
49,2,0.4,9,-1,0,18
49,2,0.4,10,-0,0,18
49,2,0.4,11,-1,0,18
49,2,0.4,12,-0,0,18
49,2,0.4,13,1,0,18
49,2,0.4,14,2,0,18
49,2,0.4,15,3,0,18
49,2,0.4,16,2,0,18
49,2,0.4,17,1,0,18
49,2,0.4,18,-0,1,18
50,2,0.4,1,-1,0,25
50,2,0.4,2,-2,0,25
50,2,0.4,3,-1,0,25
50,2,0.4,4,-0,0,25
50,2,0.4,5,1,0,25
50,2,0.4,6,-0,0,25
50,2,0.4,7,-1,0,25
50,2,0.4,8,-0,0,25
50,2,0.4,9,1,0,25
50,2,0.4,10,2,0,25
50,2,0.4,11,3,0,25
50,2,0.4,12,2,0,25
50,2,0.4,13,3,0,25
50,2,0.4,14,4,0,25
50,2,0.4,15,3,0,25
50,2,0.4,16,2,0,25
50,2,0.4,17,3,0,25
50,2,0.4,18,4,0,25
50,2,0.4,19,3,0,25
50,2,0.4,20,4,0,25
50,2,0.4,21,5,0,25
50,2,0.4,22,4,0,25
50,2,0.4,23,5,0,25
50,2,0.4,24,6,0,25
50,2,0.4,25,5,1,25
51,2,0.4,1,1,0,13
51,2,0.4,2,-0,0,13
51,2,0.4,3,-1,0,13
51,2,0.4,4,-0,0,13
51,2,0.4,5,1,0,13
51,2,0.4,6,2,0,13
51,2,0.4,7,3,0,13
51,2,0.4,8,2,0,13
51,2,0.4,9,3,0,13
51,2,0.4,10,4,0,13
51,2,0.4,11,3,0,13
51,2,0.4,12,4,0,13
51,2,0.4,13,3,1,13
52,2,0.6,1,-1,0,22
52,2,0.6,2,-2,0,22
52,2,0.6,3,-1,0,22
52,2,0.6,4,0,0,22
52,2,0.6,5,-1,0,22
52,2,0.6,6,0,0,22
52,2,0.6,7,-1,0,22
52,2,0.6,8,0,0,22
52,2,0.6,9,-1,0,22
52,2,0.6,10,-2,0,22
52,2,0.6,11,-3,0,22
52,2,0.6,12,-2,0,22
52,2,0.6,13,-3,0,22
52,2,0.6,14,-2,0,22
52,2,0.6,15,-1,0,22
52,2,0.6,16,0,0,22
52,2,0.6,17,1,0,22
52,2,0.6,18,2,0,22
52,2,0.6,19,1,0,22
52,2,0.6,20,0,0,22
52,2,0.6,21,1,0,22
52,2,0.6,22,2,1,22
53,2,0.4,1,1,0,22
53,2,0.4,2,-0,0,22
53,2,0.4,3,-1,0,22
53,2,0.4,4,-2,0,22
53,2,0.4,5,-1,0,22
53,2,0.4,6,-2,0,22
53,2,0.4,7,-3,0,22
53,2,0.4,8,-2,0,22
53,2,0.4,9,-3,0,22
53,2,0.4,10,-2,0,22
53,2,0.4,11,-1,0,22
53,2,0.4,12,-0,0,22
53,2,0.4,13,1,0,22
53,2,0.4,14,-0,0,22
53,2,0.4,15,1,0,22
53,2,0.4,16,-0,0,22
53,2,0.4,17,-1,0,22
53,2,0.4,18,-0,0,22
53,2,0.4,19,1,0,22
53,2,0.4,20,2,0,22
53,2,0.4,21,3,0,22
53,2,0.4,22,4,1,22
54,2,0.6,1,-1,0,43
54,2,0.6,2,-2,0,43
54,2,0.6,3,-3,0,43
54,2,0.6,4,-2,0,43
54,2,0.6,5,-1,0,43
54,2,0.6,6,0,0,43
54,2,0.6,7,1,0,43
54,2,0.6,8,2,0,43
54,2,0.6,9,3,0,43
54,2,0.6,10,2,0,43
54,2,0.6,11,3,0,43
54,2,0.6,12,2,0,43
54,2,0.6,13,1,0,43
54,2,0.6,14,2,0,43
54,2,0.6,15,3,0,43
54,2,0.6,16,2,0,43
54,2,0.6,17,3,0,43
54,2,0.6,18,4,0,43
54,2,0.6,19,3,0,43
54,2,0.6,20,4,0,43
54,2,0.6,21,5,0,43
54,2,0.6,22,6,0,43
54,2,0.6,23,5,0,43
54,2,0.6,24,6,0,43
54,2,0.6,25,5,0,43
54,2,0.6,26,4,0,43
54,2,0.6,27,5,0,43
54,2,0.6,28,4,0,43
54,2,0.6,29,5,0,43
54,2,0.6,30,4,0,43
54,2,0.6,31,3,0,43
54,2,0.6,32,4,0,43
54,2,0.6,33,5,0,43
54,2,0.6,34,6,0,43
54,2,0.6,35,7,0,43
54,2,0.6,36,6,0,43
54,2,0.6,37,5,0,43
54,2,0.6,38,6,0,43
54,2,0.6,39,7,0,43
54,2,0.6,40,8,0,43
54,2,0.6,41,9,0,43
54,2,0.6,42,10,0,43
54,2,0.6,43,9,1,43
55,2,0.4,1,-1,0,41
55,2,0.4,2,0,0,41
55,2,0.4,3,-1,0,41
55,2,0.4,4,-2,0,41
55,2,0.4,5,-3,0,41
55,2,0.4,6,-4,0,41
55,2,0.4,7,-5,0,41
55,2,0.4,8,-4,0,41
55,2,0.4,9,-3,0,41
55,2,0.4,10,-4,0,41
55,2,0.4,11,-3,0,41
55,2,0.4,12,-4,0,41
55,2,0.4,13,-3,0,41
55,2,0.4,14,-4,0,41
55,2,0.4,15,-3,0,41
55,2,0.4,16,-4,0,41
55,2,0.4,17,-5,0,41
55,2,0.4,18,-4,0,41
55,2,0.4,19,-3,0,41
55,2,0.4,20,-4,0,41
55,2,0.4,21,-3,0,41
55,2,0.4,22,-2,0,41
55,2,0.4,23,-1,0,41
55,2,0.4,24,-2,0,41
55,2,0.4,25,-1,0,41
55,2,0.4,26,-2,0,41
55,2,0.4,27,-1,0,41
55,2,0.4,28,-2,0,41
55,2,0.4,29,-3,0,41
55,2,0.4,30,-4,0,41
55,2,0.4,31,-3,0,41
55,2,0.4,32,-2,0,41
55,2,0.4,33,-1,0,41
55,2,0.4,34,0,0,41
55,2,0.4,35,1,0,41
55,2,0.4,36,2,0,41
55,2,0.4,37,1,0,41
55,2,0.4,38,2,0,41
55,2,0.4,39,3,0,41
55,2,0.4,40,4,0,41
55,2,0.4,41,3,1,41
56,2,0.6,1,1,0,24
56,2,0.6,2,-0,0,24
56,2,0.6,3,-1,0,24
56,2,0.6,4,-0,0,24
56,2,0.6,5,-1,0,24
56,2,0.6,6,-0,0,24
56,2,0.6,7,-1,0,24
56,2,0.6,8,-0,0,24
56,2,0.6,9,1,0,24
56,2,0.6,10,-0,0,24
56,2,0.6,11,-1,0,24
56,2,0.6,12,-2,0,24
56,2,0.6,13,-3,0,24
56,2,0.6,14,-2,0,24
56,2,0.6,15,-3,0,24
56,2,0.6,16,-2,0,24
56,2,0.6,17,-3,0,24
56,2,0.6,18,-2,0,24
56,2,0.6,19,-3,0,24
56,2,0.6,20,-2,0,24
56,2,0.6,21,-1,0,24
56,2,0.6,22,-0,0,24
56,2,0.6,23,1,0,24
56,2,0.6,24,-0,1,24
57,2,0.4,1,1,0,15
57,2,0.4,2,2,0,15
57,2,0.4,3,1,0,15
57,2,0.4,4,0,0,15
57,2,0.4,5,1,0,15
57,2,0.4,6,0,0,15
57,2,0.4,7,1,0,15
57,2,0.4,8,0,0,15
57,2,0.4,9,-1,0,15
57,2,0.4,10,0,0,15
57,2,0.4,11,1,0,15
57,2,0.4,12,2,0,15
57,2,0.4,13,3,0,15
57,2,0.4,14,4,0,15
57,2,0.4,15,5,1,15
58,2,0.6,1,-1,0,38
58,2,0.6,2,0,0,38
58,2,0.6,3,-1,0,38
58,2,0.6,4,0,0,38
58,2,0.6,5,-1,0,38
58,2,0.6,6,-2,0,38
58,2,0.6,7,-1,0,38
58,2,0.6,8,0,0,38
58,2,0.6,9,-1,0,38
58,2,0.6,10,0,0,38
58,2,0.6,11,-1,0,38
58,2,0.6,12,0,0,38
58,2,0.6,13,1,0,38
58,2,0.6,14,2,0,38
58,2,0.6,15,3,0,38
58,2,0.6,16,4,0,38
58,2,0.6,17,3,0,38
58,2,0.6,18,2,0,38
58,2,0.6,19,1,0,38
58,2,0.6,20,2,0,38
58,2,0.6,21,3,0,38
58,2,0.6,22,4,0,38
58,2,0.6,23,3,0,38
58,2,0.6,24,4,0,38
58,2,0.6,25,3,0,38
58,2,0.6,26,2,0,38
58,2,0.6,27,3,0,38
58,2,0.6,28,2,0,38
58,2,0.6,29,3,0,38
58,2,0.6,30,2,0,38
58,2,0.6,31,3,0,38
58,2,0.6,32,2,0,38
58,2,0.6,33,3,0,38
58,2,0.6,34,2,0,38
58,2,0.6,35,3,0,38
58,2,0.6,36,4,0,38
58,2,0.6,37,5,0,38
58,2,0.6,38,4,1,38
59,2,0.6,1,1,0,5
59,2,0.6,2,2,0,5
59,2,0.6,3,3,0,5
59,2,0.6,4,4,0,5
59,2,0.6,5,5,1,5
60,2,0.6,1,1,0,13
60,2,0.6,2,2,0,13
60,2,0.6,3,3,0,13
60,2,0.6,4,2,0,13
60,2,0.6,5,3,0,13
60,2,0.6,6,4,0,13
60,2,0.6,7,3,0,13
60,2,0.6,8,2,0,13
60,2,0.6,9,3,0,13
60,2,0.6,10,2,0,13
60,2,0.6,11,3,0,13
60,2,0.6,12,4,0,13
60,2,0.6,13,5,1,13
61,2,0.4,1,1,0,11
61,2,0.4,2,2,0,11
61,2,0.4,3,1,0,11
61,2,0.4,4,2,0,11
61,2,0.4,5,1,0,11
61,2,0.4,6,2,0,11
61,2,0.4,7,3,0,11
61,2,0.4,8,2,0,11
61,2,0.4,9,3,0,11
61,2,0.4,10,4,0,11
61,2,0.4,11,5,1,11
62,2,0.4,1,1,0,23
62,2,0.4,2,-0,0,23
62,2,0.4,3,-1,0,23
62,2,0.4,4,-0,0,23
62,2,0.4,5,1,0,23
62,2,0.4,6,-0,0,23
62,2,0.4,7,-1,0,23
62,2,0.4,8,-2,0,23
62,2,0.4,9,-1,0,23
62,2,0.4,10,-0,0,23
62,2,0.4,11,1,0,23
62,2,0.4,12,-0,0,23
62,2,0.4,13,1,0,23
62,2,0.4,14,-0,0,23
62,2,0.4,15,-1,0,23
62,2,0.4,16,-0,0,23
62,2,0.4,17,1,0,23
62,2,0.4,18,2,0,23
62,2,0.4,19,1,0,23
62,2,0.4,20,2,0,23
62,2,0.4,21,3,0,23
62,2,0.4,22,4,0,23
62,2,0.4,23,3,1,23
63,2,0.6,1,1,0,19
63,2,0.6,2,0,0,19
63,2,0.6,3,-1,0,19
63,2,0.6,4,-2,0,19
63,2,0.6,5,-1,0,19
63,2,0.6,6,-2,0,19
63,2,0.6,7,-1,0,19
63,2,0.6,8,-2,0,19
63,2,0.6,9,-1,0,19
63,2,0.6,10,-2,0,19
63,2,0.6,11,-3,0,19
63,2,0.6,12,-2,0,19
63,2,0.6,13,-1,0,19
63,2,0.6,14,0,0,19
63,2,0.6,15,-1,0,19
63,2,0.6,16,0,0,19
63,2,0.6,17,-1,0,19
63,2,0.6,18,0,0,19
63,2,0.6,19,1,1,19
64,2,0.4,1,1,0,6
64,2,0.4,2,2,0,6
64,2,0.4,3,3,0,6
64,2,0.4,4,2,0,6
64,2,0.4,5,3,0,6
64,2,0.4,6,4,1,6
65,2,0.6,1,-1,0,27
65,2,0.6,2,-2,0,27
65,2,0.6,3,-1,0,27
65,2,0.6,4,0,0,27
65,2,0.6,5,1,0,27
65,2,0.6,6,2,0,27
65,2,0.6,7,3,0,27
65,2,0.6,8,2,0,27
65,2,0.6,9,1,0,27
65,2,0.6,10,0,0,27
65,2,0.6,11,1,0,27
65,2,0.6,12,2,0,27
65,2,0.6,13,1,0,27
65,2,0.6,14,2,0,27
65,2,0.6,15,3,0,27
65,2,0.6,16,4,0,27
65,2,0.6,17,5,0,27
65,2,0.6,18,4,0,27
65,2,0.6,19,3,0,27
65,2,0.6,20,4,0,27
65,2,0.6,21,3,0,27
65,2,0.6,22,2,0,27
65,2,0.6,23,3,0,27
65,2,0.6,24,4,0,27
65,2,0.6,25,5,0,27
65,2,0.6,26,6,0,27
65,2,0.6,27,7,1,27
66,2,0.6,1,1,0,16
66,2,0.6,2,2,0,16
66,2,0.6,3,1,0,16
66,2,0.6,4,-0,0,16
66,2,0.6,5,1,0,16
66,2,0.6,6,-0,0,16
66,2,0.6,7,1,0,16
66,2,0.6,8,2,0,16
66,2,0.6,9,3,0,16
66,2,0.6,10,4,0,16
66,2,0.6,11,3,0,16
66,2,0.6,12,2,0,16
66,2,0.6,13,1,0,16
66,2,0.6,14,2,0,16
66,2,0.6,15,3,0,16
66,2,0.6,16,2,1,16
67,2,0.6,1,-1,0,36
67,2,0.6,2,-2,0,36
67,2,0.6,3,-1,0,36
67,2,0.6,4,0,0,36
67,2,0.6,5,-1,0,36
67,2,0.6,6,-2,0,36
67,2,0.6,7,-1,0,36
67,2,0.6,8,0,0,36
67,2,0.6,9,-1,0,36
67,2,0.6,10,0,0,36
67,2,0.6,11,1,0,36
67,2,0.6,12,0,0,36
67,2,0.6,13,1,0,36
67,2,0.6,14,0,0,36
67,2,0.6,15,1,0,36
67,2,0.6,16,0,0,36
67,2,0.6,17,-1,0,36
67,2,0.6,18,-2,0,36
67,2,0.6,19,-1,0,36
67,2,0.6,20,0,0,36
67,2,0.6,21,-1,0,36
67,2,0.6,22,-2,0,36
67,2,0.6,23,-1,0,36
67,2,0.6,24,0,0,36
67,2,0.6,25,1,0,36
67,2,0.6,26,0,0,36
67,2,0.6,27,-1,0,36
67,2,0.6,28,0,0,36
67,2,0.6,29,-1,0,36
67,2,0.6,30,0,0,36
67,2,0.6,31,-1,0,36
67,2,0.6,32,0,0,36
67,2,0.6,33,1,0,36
67,2,0.6,34,2,0,36
67,2,0.6,35,3,0,36
67,2,0.6,36,4,1,36
68,2,0.4,1,-1,0,32
68,2,0.4,2,-0,0,32
68,2,0.4,3,-1,0,32
68,2,0.4,4,-2,0,32
68,2,0.4,5,-1,0,32
68,2,0.4,6,-0,0,32
68,2,0.4,7,-1,0,32
68,2,0.4,8,-0,0,32
68,2,0.4,9,1,0,32
68,2,0.4,10,-0,0,32
68,2,0.4,11,1,0,32
68,2,0.4,12,2,0,32
68,2,0.4,13,3,0,32
68,2,0.4,14,2,0,32
68,2,0.4,15,1,0,32
68,2,0.4,16,-0,0,32
68,2,0.4,17,-1,0,32
68,2,0.4,18,-0,0,32
68,2,0.4,19,-1,0,32
68,2,0.4,20,-0,0,32
68,2,0.4,21,-1,0,32
68,2,0.4,22,-0,0,32
68,2,0.4,23,-1,0,32
68,2,0.4,24,-0,0,32
68,2,0.4,25,1,0,32
68,2,0.4,26,2,0,32
68,2,0.4,27,1,0,32
68,2,0.4,28,-0,0,32
68,2,0.4,29,1,0,32
68,2,0.4,30,2,0,32
68,2,0.4,31,3,0,32
68,2,0.4,32,4,1,32
69,2,0.4,1,-1,0,31
69,2,0.4,2,-0,0,31
69,2,0.4,3,1,0,31
69,2,0.4,4,-0,0,31
69,2,0.4,5,1,0,31
69,2,0.4,6,-0,0,31
69,2,0.4,7,1,0,31
69,2,0.4,8,-0,0,31
69,2,0.4,9,1,0,31
69,2,0.4,10,-0,0,31
69,2,0.4,11,-1,0,31
69,2,0.4,12,-0,0,31
69,2,0.4,13,-1,0,31
69,2,0.4,14,-2,0,31
69,2,0.4,15,-3,0,31
69,2,0.4,16,-2,0,31
69,2,0.4,17,-1,0,31
69,2,0.4,18,-0,0,31
69,2,0.4,19,1,0,31
69,2,0.4,20,2,0,31
69,2,0.4,21,1,0,31
69,2,0.4,22,2,0,31
69,2,0.4,23,1,0,31
69,2,0.4,24,-0,0,31
69,2,0.4,25,-1,0,31
69,2,0.4,26,-0,0,31
69,2,0.4,27,1,0,31
69,2,0.4,28,2,0,31
69,2,0.4,29,3,0,31
69,2,0.4,30,2,0,31
69,2,0.4,31,3,1,31
70,2,0.4,1,-1,0,22
70,2,0.4,2,-0,0,22
70,2,0.4,3,1,0,22
70,2,0.4,4,-0,0,22
70,2,0.4,5,-1,0,22
70,2,0.4,6,-2,0,22
70,2,0.4,7,-1,0,22
70,2,0.4,8,-2,0,22
70,2,0.4,9,-1,0,22
70,2,0.4,10,-0,0,22
70,2,0.4,11,-1,0,22
70,2,0.4,12,-0,0,22
70,2,0.4,13,-1,0,22
70,2,0.4,14,-2,0,22
70,2,0.4,15,-1,0,22
70,2,0.4,16,-0,0,22
70,2,0.4,17,1,0,22
70,2,0.4,18,2,0,22
70,2,0.4,19,3,0,22
70,2,0.4,20,2,0,22
70,2,0.4,21,3,0,22
70,2,0.4,22,4,1,22
71,2,0.4,1,1,0,8
71,2,0.4,2,2,0,8
71,2,0.4,3,1,0,8
71,2,0.4,4,2,0,8
71,2,0.4,5,3,0,8
71,2,0.4,6,4,0,8
71,2,0.4,7,5,0,8
71,2,0.4,8,6,1,8
72,2,0.4,1,1,0,3
72,2,0.4,2,2,0,3
72,2,0.4,3,3,1,3
73,2,0.6,1,1,0,12
73,2,0.6,2,2,0,12
73,2,0.6,3,3,0,12
73,2,0.6,4,4,0,12
73,2,0.6,5,3,0,12
73,2,0.6,6,2,0,12
73,2,0.6,7,3,0,12
73,2,0.6,8,2,0,12
73,2,0.6,9,3,0,12
73,2,0.6,10,4,0,12
73,2,0.6,11,5,0,12
73,2,0.6,12,6,1,12
74,2,0.4,1,1,0,24
74,2,0.4,2,2,0,24
74,2,0.4,3,1,0,24
74,2,0.4,4,2,0,24
74,2,0.4,5,3,0,24
74,2,0.4,6,2,0,24
74,2,0.4,7,1,0,24
74,2,0.4,8,2,0,24
74,2,0.4,9,1,0,24
74,2,0.4,10,-0,0,24
74,2,0.4,11,-1,0,24
74,2,0.4,12,-2,0,24
74,2,0.4,13,-1,0,24
74,2,0.4,14,-2,0,24
74,2,0.4,15,-1,0,24
74,2,0.4,16,-2,0,24
74,2,0.4,17,-1,0,24
74,2,0.4,18,-0,0,24
74,2,0.4,19,1,0,24
74,2,0.4,20,2,0,24
74,2,0.4,21,3,0,24
74,2,0.4,22,4,0,24
74,2,0.4,23,3,0,24
74,2,0.4,24,4,1,24
75,2,0.6,1,1,0,5
75,2,0.6,2,2,0,5
75,2,0.6,3,3,0,5
75,2,0.6,4,2,0,5
75,2,0.6,5,3,1,5
76,2,0.6,1,1,0,4
76,2,0.6,2,2,0,4
76,2,0.6,3,3,0,4
76,2,0.6,4,2,1,4
77,2,0.4,1,1,0,3
77,2,0.4,2,2,0,3
77,2,0.4,3,3,1,3
78,2,0.6,1,1,0,3
78,2,0.6,2,2,0,3
78,2,0.6,3,3,1,3
79,2,0.4,1,1,0,9
79,2,0.4,2,-0,0,9
79,2,0.4,3,1,0,9
79,2,0.4,4,-0,0,9
79,2,0.4,5,1,0,9
79,2,0.4,6,2,0,9
79,2,0.4,7,3,0,9
79,2,0.4,8,4,0,9
79,2,0.4,9,5,1,9
80,2,0.6,1,1,0,7
80,2,0.6,2,2,0,7
80,2,0.6,3,3,0,7
80,2,0.6,4,4,0,7
80,2,0.6,5,3,0,7
80,2,0.6,6,2,0,7
80,2,0.6,7,3,1,7
81,2,0.6,1,-1,0,4
81,2,0.6,2,0,0,4
81,2,0.6,3,1,0,4
81,2,0.6,4,2,1,4
82,2,0.6,1,1,0,6
82,2,0.6,2,2,0,6
82,2,0.6,3,1,0,6
82,2,0.6,4,2,0,6
82,2,0.6,5,1,0,6
82,2,0.6,6,2,1,6
83,2,0.4,1,1,0,5
83,2,0.4,2,2,0,5
83,2,0.4,3,3,0,5
83,2,0.4,4,4,0,5
83,2,0.4,5,5,1,5
84,2,0.6,1,-1,0,8
84,2,0.6,2,-0,0,8
84,2,0.6,3,1,0,8
84,2,0.6,4,-0,0,8
84,2,0.6,5,-1,0,8
84,2,0.6,6,-0,0,8
84,2,0.6,7,-1,0,8
84,2,0.6,8,-0,1,8
1,3,0.1,1,-1,0,11
1,3,0.1,2,-0,0,11
1,3,0.1,3,1,0,11
1,3,0.1,4,2,0,11
1,3,0.1,5,3,0,11
1,3,0.1,6,4,0,11
1,3,0.1,7,3,0,11
1,3,0.1,8,4,0,11
1,3,0.1,9,5,0,11
1,3,0.1,10,6,0,11
1,3,0.1,11,7,1,11
2,3,0.4,1,-1,0,19
2,3,0.4,2,-0,0,19
2,3,0.4,3,-1,0,19
2,3,0.4,4,-0,0,19
2,3,0.4,5,1,0,19
2,3,0.4,6,-0,0,19
2,3,0.4,7,1,0,19
2,3,0.4,8,2,0,19
2,3,0.4,9,1,0,19
2,3,0.4,10,2,0,19
2,3,0.4,11,3,0,19
2,3,0.4,12,4,0,19
2,3,0.4,13,3,0,19
2,3,0.4,14,2,0,19
2,3,0.4,15,3,0,19
2,3,0.4,16,4,0,19
2,3,0.4,17,3,0,19
2,3,0.4,18,2,0,19
2,3,0.4,19,1,1,19
3,3,0.4,1,-1,0,24
3,3,0.4,2,-0,0,24
3,3,0.4,3,-1,0,24
3,3,0.4,4,-2,0,24
3,3,0.4,5,-3,0,24
3,3,0.4,6,-2,0,24
3,3,0.4,7,-3,0,24
3,3,0.4,8,-2,0,24
3,3,0.4,9,-1,0,24
3,3,0.4,10,-0,0,24
3,3,0.4,11,1,0,24
3,3,0.4,12,-0,0,24
3,3,0.4,13,1,0,24
3,3,0.4,14,-0,0,24
3,3,0.4,15,-1,0,24
3,3,0.4,16,-0,0,24
3,3,0.4,17,1,0,24
3,3,0.4,18,2,0,24
3,3,0.4,19,3,0,24
3,3,0.4,20,4,0,24
3,3,0.4,21,5,0,24
3,3,0.4,22,4,0,24
3,3,0.4,23,5,0,24
3,3,0.4,24,4,1,24
4,3,0.9,1,-1,0,14
4,3,0.9,2,-2,0,14
4,3,0.9,3,-1,0,14
4,3,0.9,4,0,0,14
4,3,0.9,5,1,0,14
4,3,0.9,6,2,0,14
4,3,0.9,7,3,0,14
4,3,0.9,8,4,0,14
4,3,0.9,9,5,0,14
4,3,0.9,10,6,0,14
4,3,0.9,11,7,0,14
4,3,0.9,12,6,0,14
4,3,0.9,13,7,0,14
4,3,0.9,14,8,1,14
5,3,0.4,1,1,0,18
5,3,0.4,2,-0,0,18
5,3,0.4,3,1,0,18
5,3,0.4,4,-0,0,18
5,3,0.4,5,1,0,18
5,3,0.4,6,2,0,18
5,3,0.4,7,3,0,18
5,3,0.4,8,4,0,18
5,3,0.4,9,3,0,18
5,3,0.4,10,2,0,18
5,3,0.4,11,3,0,18
5,3,0.4,12,2,0,18
5,3,0.4,13,3,0,18
5,3,0.4,14,4,0,18
5,3,0.4,15,5,0,18
5,3,0.4,16,6,0,18
5,3,0.4,17,7,0,18
5,3,0.4,18,8,1,18
6,3,0.4,1,1,0,7
6,3,0.4,2,2,0,7
6,3,0.4,3,1,0,7
6,3,0.4,4,2,0,7
6,3,0.4,5,3,0,7
6,3,0.4,6,4,0,7
6,3,0.4,7,3,1,7
7,3,0.1,1,1,0,4
7,3,0.1,2,2,0,4
7,3,0.1,3,3,0,4
7,3,0.1,4,4,1,4
8,3,0.4,1,1,0,9
8,3,0.4,2,0,0,9
8,3,0.4,3,1,0,9
8,3,0.4,4,2,0,9
8,3,0.4,5,1,0,9
8,3,0.4,6,2,0,9
8,3,0.4,7,3,0,9
8,3,0.4,8,4,0,9
8,3,0.4,9,3,1,9
9,3,0.1,1,1,0,5
9,3,0.1,2,2,0,5
9,3,0.1,3,3,0,5
9,3,0.1,4,4,0,5
9,3,0.1,5,5,1,5
10,3,0.9,1,1,0,8
10,3,0.9,2,2,0,8
10,3,0.9,3,3,0,8
10,3,0.9,4,4,0,8
10,3,0.9,5,3,0,8
10,3,0.9,6,4,0,8
10,3,0.9,7,5,0,8
10,3,0.9,8,6,1,8
11,3,0.9,1,1,0,5
11,3,0.9,2,2,0,5
11,3,0.9,3,3,0,5
11,3,0.9,4,4,0,5
11,3,0.9,5,5,1,5
12,3,0.4,1,-1,0,7
12,3,0.4,2,0,0,7
12,3,0.4,3,1,0,7
12,3,0.4,4,0,0,7
12,3,0.4,5,1,0,7
12,3,0.4,6,2,0,7
12,3,0.4,7,3,1,7
13,3,0.4,1,-1,0,29
13,3,0.4,2,-0,0,29
13,3,0.4,3,1,0,29
13,3,0.4,4,-0,0,29
13,3,0.4,5,1,0,29
13,3,0.4,6,-0,0,29
13,3,0.4,7,-1,0,29
13,3,0.4,8,-0,0,29
13,3,0.4,9,-1,0,29
13,3,0.4,10,-0,0,29
13,3,0.4,11,1,0,29
13,3,0.4,12,-0,0,29
13,3,0.4,13,1,0,29
13,3,0.4,14,2,0,29
13,3,0.4,15,1,0,29
13,3,0.4,16,-0,0,29
13,3,0.4,17,1,0,29
13,3,0.4,18,-0,0,29
13,3,0.4,19,-1,0,29
13,3,0.4,20,-0,0,29
13,3,0.4,21,1,0,29
13,3,0.4,22,2,0,29
13,3,0.4,23,1,0,29
13,3,0.4,24,2,0,29
13,3,0.4,25,3,0,29
13,3,0.4,26,4,0,29
13,3,0.4,27,5,0,29
13,3,0.4,28,4,0,29
13,3,0.4,29,5,1,29
14,3,0.1,1,1,0,5
14,3,0.1,2,2,0,5
14,3,0.1,3,3,0,5
14,3,0.1,4,4,0,5
14,3,0.1,5,5,1,5
15,3,0.9,1,1,0,5
15,3,0.9,2,2,0,5
15,3,0.9,3,3,0,5
15,3,0.9,4,4,0,5
15,3,0.9,5,5,1,5
16,3,0.6,1,1,0,14
16,3,0.6,2,0,0,14
16,3,0.6,3,1,0,14
16,3,0.6,4,0,0,14
16,3,0.6,5,1,0,14
16,3,0.6,6,2,0,14
16,3,0.6,7,1,0,14
16,3,0.6,8,0,0,14
16,3,0.6,9,1,0,14
16,3,0.6,10,2,0,14
16,3,0.6,11,3,0,14
16,3,0.6,12,2,0,14
16,3,0.6,13,3,0,14
16,3,0.6,14,4,1,14
17,3,0.6,1,1,0,13
17,3,0.6,2,0,0,13
17,3,0.6,3,-1,0,13
17,3,0.6,4,0,0,13
17,3,0.6,5,1,0,13
17,3,0.6,6,2,0,13
17,3,0.6,7,3,0,13
17,3,0.6,8,2,0,13
17,3,0.6,9,3,0,13
17,3,0.6,10,2,0,13
17,3,0.6,11,1,0,13
17,3,0.6,12,2,0,13
17,3,0.6,13,1,1,13
18,3,0.1,1,1,0,5
18,3,0.1,2,2,0,5
18,3,0.1,3,3,0,5
18,3,0.1,4,4,0,5
18,3,0.1,5,5,1,5
19,3,0.9,1,1,0,4
19,3,0.9,2,2,0,4
19,3,0.9,3,3,0,4
19,3,0.9,4,4,1,4
20,3,0.4,1,1,0,2
20,3,0.4,2,2,1,2
21,3,0.4,1,1,0,4
21,3,0.4,2,2,0,4
21,3,0.4,3,3,0,4
21,3,0.4,4,4,1,4
22,3,0.4,1,-1,0,12
22,3,0.4,2,-2,0,12
22,3,0.4,3,-1,0,12
22,3,0.4,4,-0,0,12
22,3,0.4,5,1,0,12
22,3,0.4,6,-0,0,12
22,3,0.4,7,1,0,12
22,3,0.4,8,2,0,12
22,3,0.4,9,3,0,12
22,3,0.4,10,2,0,12
22,3,0.4,11,3,0,12
22,3,0.4,12,4,1,12
23,3,0.6,1,1,0,2
23,3,0.6,2,2,1,2
24,3,0.4,1,1,0,16
24,3,0.4,2,0,0,16
24,3,0.4,3,1,0,16
24,3,0.4,4,2,0,16
24,3,0.4,5,1,0,16
24,3,0.4,6,0,0,16
24,3,0.4,7,-1,0,16
24,3,0.4,8,-2,0,16
24,3,0.4,9,-1,0,16
24,3,0.4,10,0,0,16
24,3,0.4,11,1,0,16
24,3,0.4,12,2,0,16
24,3,0.4,13,3,0,16
24,3,0.4,14,2,0,16
24,3,0.4,15,3,0,16
24,3,0.4,16,4,1,16
25,3,0.1,1,1,0,3
25,3,0.1,2,2,0,3
25,3,0.1,3,3,1,3
26,3,0.9,1,1,0,4
26,3,0.9,2,2,0,4
26,3,0.9,3,3,0,4
26,3,0.9,4,4,1,4
27,3,0.6,1,1,0,14
27,3,0.6,2,2,0,14
27,3,0.6,3,3,0,14
27,3,0.6,4,2,0,14
27,3,0.6,5,1,0,14
27,3,0.6,6,2,0,14
27,3,0.6,7,1,0,14
27,3,0.6,8,2,0,14
27,3,0.6,9,3,0,14
27,3,0.6,10,2,0,14
27,3,0.6,11,1,0,14
27,3,0.6,12,2,0,14
27,3,0.6,13,3,0,14
27,3,0.6,14,4,1,14
28,3,0.1,1,1,0,5
28,3,0.1,2,2,0,5
28,3,0.1,3,3,0,5
28,3,0.1,4,4,0,5
28,3,0.1,5,5,1,5
29,3,0.9,1,1,0,3
29,3,0.9,2,2,0,3
29,3,0.9,3,3,1,3
30,3,0.6,1,1,0,9
30,3,0.6,2,2,0,9
30,3,0.6,3,3,0,9
30,3,0.6,4,2,0,9
30,3,0.6,5,3,0,9
30,3,0.6,6,2,0,9
30,3,0.6,7,3,0,9
30,3,0.6,8,2,0,9
30,3,0.6,9,3,1,9
31,3,0.9,1,1,0,4
31,3,0.9,2,2,0,4
31,3,0.9,3,3,0,4
31,3,0.9,4,4,1,4
32,3,0.9,1,1,0,3
32,3,0.9,2,2,0,3
32,3,0.9,3,3,1,3
33,3,0.4,1,-1,0,10
33,3,0.4,2,-0,0,10
33,3,0.4,3,1,0,10
33,3,0.4,4,2,0,10
33,3,0.4,5,3,0,10
33,3,0.4,6,4,0,10
33,3,0.4,7,3,0,10
33,3,0.4,8,4,0,10
33,3,0.4,9,5,0,10
33,3,0.4,10,6,1,10
34,3,0.1,1,1,0,8
34,3,0.1,2,-0,0,8
34,3,0.1,3,1,0,8
34,3,0.1,4,2,0,8
34,3,0.1,5,3,0,8
34,3,0.1,6,4,0,8
34,3,0.1,7,5,0,8
34,3,0.1,8,6,1,8
35,3,0.9,1,1,0,8
35,3,0.9,2,2,0,8
35,3,0.9,3,1,0,8
35,3,0.9,4,2,0,8
35,3,0.9,5,3,0,8
35,3,0.9,6,4,0,8
35,3,0.9,7,5,0,8
35,3,0.9,8,6,1,8
36,3,0.9,1,1,0,7
36,3,0.9,2,2,0,7
36,3,0.9,3,1,0,7
36,3,0.9,4,0,0,7
36,3,0.9,5,1,0,7
36,3,0.9,6,2,0,7
36,3,0.9,7,3,1,7
37,3,0.4,1,-1,0,12
37,3,0.4,2,-0,0,12
37,3,0.4,3,1,0,12
37,3,0.4,4,-0,0,12
37,3,0.4,5,-1,0,12
37,3,0.4,6,-0,0,12
37,3,0.4,7,1,0,12
37,3,0.4,8,2,0,12
37,3,0.4,9,3,0,12
37,3,0.4,10,2,0,12
37,3,0.4,11,3,0,12
37,3,0.4,12,2,1,12
38,3,0.9,1,-1,0,8
38,3,0.9,2,0,0,8
38,3,0.9,3,1,0,8
38,3,0.9,4,2,0,8
38,3,0.9,5,3,0,8
38,3,0.9,6,4,0,8
38,3,0.9,7,5,0,8
38,3,0.9,8,4,1,8
39,3,0.9,1,1,0,4
39,3,0.9,2,2,0,4
39,3,0.9,3,3,0,4
39,3,0.9,4,4,1,4
40,3,0.1,1,1,0,2
40,3,0.1,2,2,1,2
41,3,0.4,1,-1,0,8
41,3,0.4,2,-2,0,8
41,3,0.4,3,-1,0,8
41,3,0.4,4,-0,0,8
41,3,0.4,5,1,0,8
41,3,0.4,6,2,0,8
41,3,0.4,7,3,0,8
41,3,0.4,8,4,1,8
42,3,0.1,1,1,0,3
42,3,0.1,2,2,0,3
42,3,0.1,3,3,1,3
43,3,0.6,1,1,0,10
43,3,0.6,2,0,0,10
43,3,0.6,3,1,0,10
43,3,0.6,4,2,0,10
43,3,0.6,5,3,0,10
43,3,0.6,6,4,0,10
43,3,0.6,7,3,0,10
43,3,0.6,8,4,0,10
43,3,0.6,9,5,0,10
43,3,0.6,10,4,1,10
44,3,0.9,1,1,0,3
44,3,0.9,2,2,0,3
44,3,0.9,3,3,1,3
45,3,0.9,1,1,0,4
45,3,0.9,2,2,0,4
45,3,0.9,3,3,0,4
45,3,0.9,4,2,1,4
46,3,0.9,1,1,0,4
46,3,0.9,2,2,0,4
46,3,0.9,3,3,0,4
46,3,0.9,4,4,1,4
47,3,0.1,1,1,0,4
47,3,0.1,2,2,0,4
47,3,0.1,3,3,0,4
47,3,0.1,4,4,1,4
48,3,0.4,1,1,0,12
48,3,0.4,2,2,0,12
48,3,0.4,3,1,0,12
48,3,0.4,4,-0,0,12
48,3,0.4,5,1,0,12
48,3,0.4,6,-0,0,12
48,3,0.4,7,1,0,12
48,3,0.4,8,2,0,12
48,3,0.4,9,1,0,12
48,3,0.4,10,2,0,12
48,3,0.4,11,1,0,12
48,3,0.4,12,2,1,12
49,3,0.9,1,1,0,3
49,3,0.9,2,2,0,3
49,3,0.9,3,3,1,3
50,3,0.6,1,-1,0,19
50,3,0.6,2,-2,0,19
50,3,0.6,3,-1,0,19
50,3,0.6,4,0,0,19
50,3,0.6,5,1,0,19
50,3,0.6,6,0,0,19
50,3,0.6,7,1,0,19
50,3,0.6,8,0,0,19
50,3,0.6,9,1,0,19
50,3,0.6,10,2,0,19
50,3,0.6,11,3,0,19
50,3,0.6,12,2,0,19
50,3,0.6,13,1,0,19
50,3,0.6,14,2,0,19
50,3,0.6,15,3,0,19
50,3,0.6,16,4,0,19
50,3,0.6,17,5,0,19
50,3,0.6,18,4,0,19
50,3,0.6,19,5,1,19
51,3,0.6,1,1,0,8
51,3,0.6,2,2,0,8
51,3,0.6,3,1,0,8
51,3,0.6,4,2,0,8
51,3,0.6,5,3,0,8
51,3,0.6,6,4,0,8
51,3,0.6,7,3,0,8
51,3,0.6,8,4,1,8
52,3,0.9,1,1,0,4
52,3,0.9,2,2,0,4
52,3,0.9,3,3,0,4
52,3,0.9,4,4,1,4
53,3,0.4,1,1,0,4
53,3,0.4,2,2,0,4
53,3,0.4,3,3,0,4
53,3,0.4,4,4,1,4
54,3,0.6,1,1,0,29
54,3,0.6,2,2,0,29
54,3,0.6,3,3,0,29
54,3,0.6,4,4,0,29
54,3,0.6,5,3,0,29
54,3,0.6,6,4,0,29
54,3,0.6,7,3,0,29
54,3,0.6,8,4,0,29
54,3,0.6,9,3,0,29
54,3,0.6,10,4,0,29
54,3,0.6,11,5,0,29
54,3,0.6,12,4,0,29
54,3,0.6,13,3,0,29
54,3,0.6,14,4,0,29
54,3,0.6,15,5,0,29
54,3,0.6,16,4,0,29
54,3,0.6,17,5,0,29
54,3,0.6,18,4,0,29
54,3,0.6,19,5,0,29
54,3,0.6,20,6,0,29
54,3,0.6,21,5,0,29
54,3,0.6,22,6,0,29
54,3,0.6,23,7,0,29
54,3,0.6,24,8,0,29
54,3,0.6,25,7,0,29
54,3,0.6,26,8,0,29
54,3,0.6,27,9,0,29
54,3,0.6,28,10,0,29
54,3,0.6,29,11,1,29
55,3,0.6,1,1,0,10
55,3,0.6,2,2,0,10
55,3,0.6,3,3,0,10
55,3,0.6,4,4,0,10
55,3,0.6,5,5,0,10
55,3,0.6,6,6,0,10
55,3,0.6,7,5,0,10
55,3,0.6,8,4,0,10
55,3,0.6,9,5,0,10
55,3,0.6,10,4,1,10
56,3,0.1,1,1,0,13
56,3,0.1,2,2,0,13
56,3,0.1,3,1,0,13
56,3,0.1,4,2,0,13
56,3,0.1,5,3,0,13
56,3,0.1,6,4,0,13
56,3,0.1,7,3,0,13
56,3,0.1,8,4,0,13
56,3,0.1,9,5,0,13
56,3,0.1,10,6,0,13
56,3,0.1,11,7,0,13
56,3,0.1,12,8,0,13
56,3,0.1,13,9,1,13
57,3,0.4,1,-1,0,28
57,3,0.4,2,0,0,28
57,3,0.4,3,-1,0,28
57,3,0.4,4,-2,0,28
57,3,0.4,5,-3,0,28
57,3,0.4,6,-2,0,28
57,3,0.4,7,-3,0,28
57,3,0.4,8,-2,0,28
57,3,0.4,9,-3,0,28
57,3,0.4,10,-4,0,28
57,3,0.4,11,-5,0,28
57,3,0.4,12,-4,0,28
57,3,0.4,13,-3,0,28
57,3,0.4,14,-2,0,28
57,3,0.4,15,-3,0,28
57,3,0.4,16,-2,0,28
57,3,0.4,17,-3,0,28
57,3,0.4,18,-2,0,28
57,3,0.4,19,-3,0,28
57,3,0.4,20,-4,0,28
57,3,0.4,21,-3,0,28
57,3,0.4,22,-4,0,28
57,3,0.4,23,-5,0,28
57,3,0.4,24,-4,0,28
57,3,0.4,25,-3,0,28
57,3,0.4,26,-2,0,28
57,3,0.4,27,-1,0,28
57,3,0.4,28,0,1,28
58,3,0.1,1,1,0,4
58,3,0.1,2,2,0,4
58,3,0.1,3,3,0,4
58,3,0.1,4,4,1,4
59,3,0.4,1,1,0,3
59,3,0.4,2,2,0,3
59,3,0.4,3,3,1,3
60,3,0.6,1,1,0,23
60,3,0.6,2,0,0,23
60,3,0.6,3,-1,0,23
60,3,0.6,4,0,0,23
60,3,0.6,5,-1,0,23
60,3,0.6,6,-2,0,23
60,3,0.6,7,-3,0,23
60,3,0.6,8,-4,0,23
60,3,0.6,9,-3,0,23
60,3,0.6,10,-2,0,23
60,3,0.6,11,-1,0,23
60,3,0.6,12,-2,0,23
60,3,0.6,13,-3,0,23
60,3,0.6,14,-2,0,23
60,3,0.6,15,-1,0,23
60,3,0.6,16,0,0,23
60,3,0.6,17,-1,0,23
60,3,0.6,18,0,0,23
60,3,0.6,19,-1,0,23
60,3,0.6,20,0,0,23
60,3,0.6,21,1,0,23
60,3,0.6,22,2,0,23
60,3,0.6,23,3,1,23
61,3,0.4,1,1,0,16
61,3,0.4,2,-0,0,16
61,3,0.4,3,1,0,16
61,3,0.4,4,-0,0,16
61,3,0.4,5,-1,0,16
61,3,0.4,6,-0,0,16
61,3,0.4,7,1,0,16
61,3,0.4,8,2,0,16
61,3,0.4,9,1,0,16
61,3,0.4,10,2,0,16
61,3,0.4,11,3,0,16
61,3,0.4,12,4,0,16
61,3,0.4,13,3,0,16
61,3,0.4,14,4,0,16
61,3,0.4,15,5,0,16
61,3,0.4,16,6,1,16
62,3,0.6,1,1,0,19
62,3,0.6,2,2,0,19
62,3,0.6,3,1,0,19
62,3,0.6,4,2,0,19
62,3,0.6,5,3,0,19
62,3,0.6,6,2,0,19
62,3,0.6,7,1,0,19
62,3,0.6,8,2,0,19
62,3,0.6,9,3,0,19
62,3,0.6,10,2,0,19
62,3,0.6,11,3,0,19
62,3,0.6,12,4,0,19
62,3,0.6,13,5,0,19
62,3,0.6,14,4,0,19
62,3,0.6,15,5,0,19
62,3,0.6,16,4,0,19
62,3,0.6,17,5,0,19
62,3,0.6,18,6,0,19
62,3,0.6,19,5,1,19
63,3,0.1,1,-1,0,15
63,3,0.1,2,-0,0,15
63,3,0.1,3,1,0,15
63,3,0.1,4,2,0,15
63,3,0.1,5,1,0,15
63,3,0.1,6,2,0,15
63,3,0.1,7,3,0,15
63,3,0.1,8,2,0,15
63,3,0.1,9,3,0,15
63,3,0.1,10,4,0,15
63,3,0.1,11,5,0,15
63,3,0.1,12,6,0,15
63,3,0.1,13,7,0,15
63,3,0.1,14,8,0,15
63,3,0.1,15,9,1,15
64,3,0.9,1,1,0,5
64,3,0.9,2,2,0,5
64,3,0.9,3,3,0,5
64,3,0.9,4,4,0,5
64,3,0.9,5,5,1,5
65,3,0.6,1,-1,0,15
65,3,0.6,2,-2,0,15
65,3,0.6,3,-3,0,15
65,3,0.6,4,-4,0,15
65,3,0.6,5,-3,0,15
65,3,0.6,6,-2,0,15
65,3,0.6,7,-3,0,15
65,3,0.6,8,-4,0,15
65,3,0.6,9,-3,0,15
65,3,0.6,10,-2,0,15
65,3,0.6,11,-3,0,15
65,3,0.6,12,-2,0,15
65,3,0.6,13,-1,0,15
65,3,0.6,14,0,0,15
65,3,0.6,15,1,1,15
66,3,0.6,1,1,0,4
66,3,0.6,2,2,0,4
66,3,0.6,3,3,0,4
66,3,0.6,4,4,1,4
67,3,0.9,1,1,0,5
67,3,0.9,2,2,0,5
67,3,0.9,3,3,0,5
67,3,0.9,4,4,0,5
67,3,0.9,5,5,1,5
68,3,0.1,1,-1,0,10
68,3,0.1,2,-0,0,10
68,3,0.1,3,-1,0,10
68,3,0.1,4,-0,0,10
68,3,0.1,5,1,0,10
68,3,0.1,6,2,0,10
68,3,0.1,7,3,0,10
68,3,0.1,8,4,0,10
68,3,0.1,9,5,0,10
68,3,0.1,10,6,1,10
69,3,0.1,1,1,0,5
69,3,0.1,2,2,0,5
69,3,0.1,3,3,0,5
69,3,0.1,4,4,0,5
69,3,0.1,5,5,1,5
70,3,0.6,1,1,0,15
70,3,0.6,2,0,0,15
70,3,0.6,3,-1,0,15
70,3,0.6,4,0,0,15
70,3,0.6,5,-1,0,15
70,3,0.6,6,0,0,15
70,3,0.6,7,1,0,15
70,3,0.6,8,2,0,15
70,3,0.6,9,3,0,15
70,3,0.6,10,2,0,15
70,3,0.6,11,1,0,15
70,3,0.6,12,2,0,15
70,3,0.6,13,3,0,15
70,3,0.6,14,4,0,15
70,3,0.6,15,5,1,15
71,3,0.6,1,1,0,16
71,3,0.6,2,-0,0,16
71,3,0.6,3,1,0,16
71,3,0.6,4,-0,0,16
71,3,0.6,5,-1,0,16
71,3,0.6,6,-0,0,16
71,3,0.6,7,-1,0,16
71,3,0.6,8,-0,0,16
71,3,0.6,9,-1,0,16
71,3,0.6,10,-0,0,16
71,3,0.6,11,1,0,16
71,3,0.6,12,2,0,16
71,3,0.6,13,3,0,16
71,3,0.6,14,4,0,16
71,3,0.6,15,5,0,16
71,3,0.6,16,6,1,16
72,3,0.6,1,-1,0,38
72,3,0.6,2,0,0,38
72,3,0.6,3,-1,0,38
72,3,0.6,4,-2,0,38
72,3,0.6,5,-3,0,38
72,3,0.6,6,-2,0,38
72,3,0.6,7,-3,0,38
72,3,0.6,8,-2,0,38
72,3,0.6,9,-1,0,38
72,3,0.6,10,-2,0,38
72,3,0.6,11,-3,0,38
72,3,0.6,12,-2,0,38
72,3,0.6,13,-1,0,38
72,3,0.6,14,0,0,38
72,3,0.6,15,-1,0,38
72,3,0.6,16,0,0,38
72,3,0.6,17,1,0,38
72,3,0.6,18,0,0,38
72,3,0.6,19,-1,0,38
72,3,0.6,20,-2,0,38
72,3,0.6,21,-3,0,38
72,3,0.6,22,-4,0,38
72,3,0.6,23,-3,0,38
72,3,0.6,24,-2,0,38
72,3,0.6,25,-1,0,38
72,3,0.6,26,0,0,38
72,3,0.6,27,-1,0,38
72,3,0.6,28,0,0,38
72,3,0.6,29,1,0,38
72,3,0.6,30,2,0,38
72,3,0.6,31,1,0,38
72,3,0.6,32,2,0,38
72,3,0.6,33,1,0,38
72,3,0.6,34,2,0,38
72,3,0.6,35,1,0,38
72,3,0.6,36,2,0,38
72,3,0.6,37,3,0,38
72,3,0.6,38,4,1,38
73,3,0.4,1,1,0,8
73,3,0.4,2,-0,0,8
73,3,0.4,3,1,0,8
73,3,0.4,4,2,0,8
73,3,0.4,5,3,0,8
73,3,0.4,6,4,0,8
73,3,0.4,7,5,0,8
73,3,0.4,8,6,1,8
74,3,0.9,1,1,0,3
74,3,0.9,2,2,0,3
74,3,0.9,3,3,1,3
75,3,0.4,1,1,0,3
75,3,0.4,2,2,0,3
75,3,0.4,3,3,1,3
76,3,0.1,1,1,0,4
76,3,0.1,2,2,0,4
76,3,0.1,3,3,0,4
76,3,0.1,4,4,1,4
77,3,0.6,1,-1,0,55
77,3,0.6,2,0,0,55
77,3,0.6,3,1,0,55
77,3,0.6,4,2,0,55
77,3,0.6,5,3,0,55
77,3,0.6,6,2,0,55
77,3,0.6,7,3,0,55
77,3,0.6,8,4,0,55
77,3,0.6,9,3,0,55
77,3,0.6,10,4,0,55
77,3,0.6,11,5,0,55
77,3,0.6,12,4,0,55
77,3,0.6,13,5,0,55
77,3,0.6,14,4,0,55
77,3,0.6,15,3,0,55
77,3,0.6,16,2,0,55
77,3,0.6,17,1,0,55
77,3,0.6,18,2,0,55
77,3,0.6,19,1,0,55
77,3,0.6,20,2,0,55
77,3,0.6,21,3,0,55
77,3,0.6,22,2,0,55
77,3,0.6,23,1,0,55
77,3,0.6,24,2,0,55
77,3,0.6,25,3,0,55
77,3,0.6,26,2,0,55
77,3,0.6,27,3,0,55
77,3,0.6,28,4,0,55
77,3,0.6,29,3,0,55
77,3,0.6,30,2,0,55
77,3,0.6,31,1,0,55
77,3,0.6,32,2,0,55
77,3,0.6,33,3,0,55
77,3,0.6,34,2,0,55
77,3,0.6,35,1,0,55
77,3,0.6,36,2,0,55
77,3,0.6,37,1,0,55
77,3,0.6,38,0,0,55
77,3,0.6,39,1,0,55
77,3,0.6,40,0,0,55
77,3,0.6,41,1,0,55
77,3,0.6,42,2,0,55
77,3,0.6,43,1,0,55
77,3,0.6,44,2,0,55
77,3,0.6,45,3,0,55
77,3,0.6,46,4,0,55
77,3,0.6,47,3,0,55
77,3,0.6,48,4,0,55
77,3,0.6,49,3,0,55
77,3,0.6,50,4,0,55
77,3,0.6,51,3,0,55
77,3,0.6,52,4,0,55
77,3,0.6,53,5,0,55
77,3,0.6,54,6,0,55
77,3,0.6,55,7,1,55
78,3,0.4,1,1,0,26
78,3,0.4,2,-0,0,26
78,3,0.4,3,1,0,26
78,3,0.4,4,2,0,26
78,3,0.4,5,3,0,26
78,3,0.4,6,2,0,26
78,3,0.4,7,3,0,26
78,3,0.4,8,2,0,26
78,3,0.4,9,3,0,26
78,3,0.4,10,2,0,26
78,3,0.4,11,1,0,26
78,3,0.4,12,-0,0,26
78,3,0.4,13,-1,0,26
78,3,0.4,14,-0,0,26
78,3,0.4,15,1,0,26
78,3,0.4,16,2,0,26
78,3,0.4,17,1,0,26
78,3,0.4,18,2,0,26
78,3,0.4,19,1,0,26
78,3,0.4,20,2,0,26
78,3,0.4,21,1,0,26
78,3,0.4,22,2,0,26
78,3,0.4,23,3,0,26
78,3,0.4,24,4,0,26
78,3,0.4,25,5,0,26
78,3,0.4,26,4,1,26
79,3,0.9,1,-1,0,10
79,3,0.9,2,0,0,10
79,3,0.9,3,1,0,10
79,3,0.9,4,0,0,10
79,3,0.9,5,1,0,10
79,3,0.9,6,2,0,10
79,3,0.9,7,3,0,10
79,3,0.9,8,4,0,10
79,3,0.9,9,5,0,10
79,3,0.9,10,6,1,10
80,3,0.6,1,-1,0,22
80,3,0.6,2,0,0,22
80,3,0.6,3,1,0,22
80,3,0.6,4,0,0,22
80,3,0.6,5,1,0,22
80,3,0.6,6,2,0,22
80,3,0.6,7,1,0,22
80,3,0.6,8,0,0,22
80,3,0.6,9,1,0,22
80,3,0.6,10,2,0,22
80,3,0.6,11,3,0,22
80,3,0.6,12,2,0,22
80,3,0.6,13,3,0,22
80,3,0.6,14,4,0,22
80,3,0.6,15,5,0,22
80,3,0.6,16,6,0,22
80,3,0.6,17,5,0,22
80,3,0.6,18,6,0,22
80,3,0.6,19,7,0,22
80,3,0.6,20,8,0,22
80,3,0.6,21,7,0,22
80,3,0.6,22,6,1,22
81,3,0.1,1,1,0,3
81,3,0.1,2,2,0,3
81,3,0.1,3,3,1,3
82,3,0.4,1,1,0,6
82,3,0.4,2,0,0,6
82,3,0.4,3,1,0,6
82,3,0.4,4,2,0,6
82,3,0.4,5,3,0,6
82,3,0.4,6,4,1,6
83,3,0.6,1,1,0,24
83,3,0.6,2,0,0,24
83,3,0.6,3,1,0,24
83,3,0.6,4,2,0,24
83,3,0.6,5,1,0,24
83,3,0.6,6,2,0,24
83,3,0.6,7,1,0,24
83,3,0.6,8,0,0,24
83,3,0.6,9,1,0,24
83,3,0.6,10,0,0,24
83,3,0.6,11,1,0,24
83,3,0.6,12,2,0,24
83,3,0.6,13,3,0,24
83,3,0.6,14,4,0,24
83,3,0.6,15,3,0,24
83,3,0.6,16,4,0,24
83,3,0.6,17,5,0,24
83,3,0.6,18,4,0,24
83,3,0.6,19,5,0,24
83,3,0.6,20,6,0,24
83,3,0.6,21,5,0,24
83,3,0.6,22,6,0,24
83,3,0.6,23,7,0,24
83,3,0.6,24,6,1,24
84,3,0.1,1,1,0,3
84,3,0.1,2,2,0,3
84,3,0.1,3,3,1,3
85,3,0.6,1,1,0,12
85,3,0.6,2,0,0,12
85,3,0.6,3,-1,0,12
85,3,0.6,4,-2,0,12
85,3,0.6,5,-1,0,12
85,3,0.6,6,-2,0,12
85,3,0.6,7,-1,0,12
85,3,0.6,8,-2,0,12
85,3,0.6,9,-1,0,12
85,3,0.6,10,0,0,12
85,3,0.6,11,1,0,12
85,3,0.6,12,2,1,12
86,3,0.9,1,1,0,3
86,3,0.9,2,2,0,3
86,3,0.9,3,3,1,3
87,3,0.1,1,1,0,4
87,3,0.1,2,2,0,4
87,3,0.1,3,3,0,4
87,3,0.1,4,4,1,4
88,3,0.9,1,1,0,2
88,3,0.9,2,2,1,2
89,3,0.4,1,1,0,2
89,3,0.4,2,2,1,2
90,3,0.6,1,1,0,3
90,3,0.6,2,2,0,3
90,3,0.6,3,3,1,3
91,3,0.1,1,1,0,2
91,3,0.1,2,2,1,2
92,3,0.1,1,1,0,3
92,3,0.1,2,2,0,3
92,3,0.1,3,3,1,3
93,3,0.1,1,1,0,6
93,3,0.1,2,2,0,6
93,3,0.1,3,3,0,6
93,3,0.1,4,2,0,6
93,3,0.1,5,3,0,6
93,3,0.1,6,4,1,6
94,3,0.4,1,1,0,4
94,3,0.4,2,2,0,4
94,3,0.4,3,3,0,4
94,3,0.4,4,4,1,4
95,3,0.1,1,1,0,2
95,3,0.1,2,2,1,2
